,Kline open time,Open price,High price,Low price,Close price,Volume
0,2023-02-25 00:00:00,23213.62000000,23239.25000000,23062.30000000,23102.59000000,9117.39502000
1,2023-02-25 01:00:00,23103.97000000,23171.18000000,22974.30000000,23119.86000000,8932.34811000
2,2023-02-25 02:00:00,23119.86000000,23209.42000000,23030.00000000,23185.29000000,7237.46652000
3,2023-02-25 03:00:00,23184.04000000,23203.93000000,23108.77000000,23165.61000000,7550.43072000
4,2023-02-25 04:00:00,23165.61000000,23207.71000000,23132.96000000,23182.56000000,5200.82092000
5,2023-02-25 05:00:00,23182.56000000,23219.13000000,23050.00000000,23085.01000000,8295.95935000
6,2023-02-25 06:00:00,23085.01000000,23128.04000000,23045.33000000,23077.64000000,5663.92108000
7,2023-02-25 07:00:00,23077.12000000,23129.65000000,23055.02000000,23127.22000000,5954.64940000
8,2023-02-25 08:00:00,23127.73000000,23129.10000000,23023.23000000,23040.57000000,7852.03931000
9,2023-02-25 09:00:00,23040.57000000,23106.35000000,23038.34000000,23088.60000000,5117.84008000
10,2023-02-25 10:00:00,23089.06000000,23123.70000000,23069.03000000,23117.16000000,5883.54174000
11,2023-02-25 11:00:00,23117.10000000,23158.16000000,23096.99000000,23100.98000000,6641.01180000
12,2023-02-25 12:00:00,23101.27000000,23122.93000000,23000.00000000,23059.24000000,9709.43751000
13,2023-02-25 13:00:00,23059.24000000,23066.59000000,22925.22000000,22931.05000000,9819.98539000
14,2023-02-25 14:00:00,22931.05000000,23014.92000000,22906.50000000,22983.85000000,9336.30938000
15,2023-02-25 15:00:00,22983.85000000,23021.36000000,22858.35000000,23018.34000000,12059.33362000
16,2023-02-25 16:00:00,23017.47000000,23086.00000000,22990.33000000,23004.12000000,8502.57336000
17,2023-02-25 17:00:00,23003.34000000,23049.00000000,22976.29000000,23001.87000000,6922.17007000
18,2023-02-25 18:00:00,23001.87000000,23033.44000000,22970.17000000,23006.18000000,5878.98993000
19,2023-02-25 19:00:00,23006.18000000,23086.29000000,22995.04000000,23012.55000000,8810.57242000
20,2023-02-25 20:00:00,23012.95000000,23052.29000000,23002.48000000,23042.52000000,5784.38417000
21,2023-02-25 21:00:00,23042.05000000,23051.31000000,22969.31000000,22979.30000000,8262.51610000
22,2023-02-25 22:00:00,22979.30000000,23017.11000000,22912.10000000,22983.05000000,9127.43252000
23,2023-02-25 23:00:00,22983.78000000,22999.35000000,22722.00000000,22922.58000000,13157.97436000
24,2023-02-26 00:00:00,22923.32000000,22961.95000000,22847.15000000,22934.42000000,8826.86618000
25,2023-02-26 01:00:00,22933.68000000,23172.00000000,22901.88000000,23118.73000000,9438.77096000
26,2023-02-26 02:00:00,23117.99000000,23185.99000000,23094.80000000,23157.07000000,7514.27973000
27,2023-02-26 03:00:00,23157.07000000,23166.91000000,23080.09000000,23097.97000000,5757.94610000
28,2023-02-26 04:00:00,23097.25000000,23126.88000000,23068.51000000,23112.70000000,4418.31433000
29,2023-02-26 05:00:00,23112.70000000,23249.99000000,23059.18000000,23236.01000000,7998.89454000
30,2023-02-26 06:00:00,23237.29000000,23250.00000000,23184.10000000,23214.53000000,7368.87100000
31,2023-02-26 07:00:00,23214.53000000,23227.17000000,23152.35000000,23189.27000000,5521.98472000
32,2023-02-26 08:00:00,23189.59000000,23202.00000000,23125.00000000,23127.06000000,5114.20004000
33,2023-02-26 09:00:00,23126.44000000,23171.00000000,23090.00000000,23167.40000000,6005.63459000
34,2023-02-26 10:00:00,23167.72000000,23209.96000000,23138.40000000,23154.57000000,5949.77547000
35,2023-02-26 11:00:00,23154.57000000,23175.36000000,23112.35000000,23151.95000000,5332.56927000
36,2023-02-26 12:00:00,23152.39000000,23293.97000000,23150.33000000,23279.50000000,10321.21639000
37,2023-02-26 13:00:00,23278.19000000,23282.25000000,23207.19000000,23236.81000000,6026.86510000
38,2023-02-26 14:00:00,23236.91000000,23260.00000000,23200.03000000,23253.44000000,6205.42512000
39,2023-02-26 15:00:00,23253.44000000,23280.84000000,23126.47000000,23161.99000000,9892.38047000
40,2023-02-26 16:00:00,23162.46000000,23219.31000000,23137.00000000,23214.15000000,6263.42747000
41,2023-02-26 17:00:00,23213.15000000,23331.26000000,23180.02000000,23193.65000000,12352.14292000
42,2023-02-26 18:00:00,23194.36000000,23250.00000000,23175.42000000,23247.23000000,7030.41686000
43,2023-02-26 19:00:00,23247.96000000,23256.65000000,23164.04000000,23184.92000000,5966.16209000
44,2023-02-26 20:00:00,23184.92000000,23244.60000000,23137.00000000,23239.54000000,5899.16759000
45,2023-02-26 21:00:00,23239.54000000,23539.94000000,23221.82000000,23486.43000000,17210.95785000
46,2023-02-26 22:00:00,23487.30000000,23544.93000000,23366.87000000,23499.33000000,13147.15631000
47,2023-02-26 23:00:00,23499.33000000,23689.99000000,23461.89000000,23639.68000000,15255.14388000
48,2023-02-27 00:00:00,23639.68000000,23653.00000000,23550.75000000,23560.60000000,8266.59838000
49,2023-02-27 01:00:00,23560.61000000,23595.76000000,23323.42000000,23476.41000000,12914.25593000
50,2023-02-27 02:00:00,23477.14000000,23637.88000000,23455.00000000,23554.85000000,12104.22981000
51,2023-02-27 03:00:00,23554.85000000,23567.69000000,23451.66000000,23492.64000000,7993.69860000
52,2023-02-27 04:00:00,23492.15000000,23563.00000000,23432.76000000,23552.76000000,7112.75383000
53,2023-02-27 05:00:00,23553.52000000,23644.65000000,23522.72000000,23558.64000000,7388.93825000
54,2023-02-27 06:00:00,23558.64000000,23642.00000000,23540.74000000,23551.62000000,8297.11995000
55,2023-02-27 07:00:00,23551.99000000,23561.34000000,23463.47000000,23491.46000000,7628.19288000
56,2023-02-27 08:00:00,23490.81000000,23509.94000000,23346.16000000,23391.52000000,9923.43017000
57,2023-02-27 09:00:00,23391.13000000,23435.93000000,23370.34000000,23405.39000000,6582.17285000
58,2023-02-27 10:00:00,23405.82000000,23456.85000000,23401.55000000,23423.31000000,6150.15472000
59,2023-02-27 11:00:00,23423.88000000,23455.31000000,23340.00000000,23358.91000000,9430.35631000
60,2023-02-27 12:00:00,23359.32000000,23439.76000000,23332.65000000,23389.37000000,7028.65862000
61,2023-02-27 13:00:00,23388.94000000,23420.00000000,23348.74000000,23378.79000000,6089.32626000
62,2023-02-27 14:00:00,23378.79000000,23448.43000000,23369.36000000,23428.87000000,5947.51276000
63,2023-02-27 15:00:00,23428.87000000,23440.94000000,23379.25000000,23403.18000000,6925.01687000
64,2023-02-27 16:00:00,23403.18000000,23800.45000000,23397.35000000,23703.01000000,25039.87095000
65,2023-02-27 17:00:00,23704.29000000,23862.29000000,23675.50000000,23803.46000000,22864.22692000
66,2023-02-27 18:00:00,23803.46000000,23897.99000000,23465.10000000,23559.40000000,28786.91218000
67,2023-02-27 19:00:00,23557.66000000,23618.30000000,23159.33000000,23391.49000000,29121.51151000
68,2023-02-27 20:00:00,23391.55000000,23425.00000000,23266.66000000,23334.40000000,13278.02322000
69,2023-02-27 21:00:00,23333.49000000,23370.00000000,23150.00000000,23288.77000000,16374.33712000
70,2023-02-27 22:00:00,23288.55000000,23360.00000000,23218.56000000,23276.35000000,12682.72730000
71,2023-02-27 23:00:00,23276.34000000,23329.83000000,23106.77000000,23321.37000000,14992.86572000
72,2023-02-28 00:00:00,23320.38000000,23397.34000000,23294.47000000,23381.38000000,7859.07628000
73,2023-02-28 01:00:00,23381.38000000,23557.79000000,23361.07000000,23482.13000000,8556.59800000
74,2023-02-28 02:00:00,23481.28000000,23582.98000000,23448.20000000,23492.09000000,7652.60463000
75,2023-02-28 03:00:00,23492.09000000,23549.99000000,23409.79000000,23420.55000000,8213.50429000
76,2023-02-28 04:00:00,23420.55000000,23460.01000000,23349.57000000,23433.16000000,6764.46987000
77,2023-02-28 05:00:00,23433.16000000,23475.73000000,23386.79000000,23441.76000000,5375.65079000
78,2023-02-28 06:00:00,23441.76000000,23526.00000000,23436.12000000,23467.52000000,5543.48447000
79,2023-02-28 07:00:00,23467.01000000,23470.44000000,23386.31000000,23415.00000000,6494.24434000
80,2023-02-28 08:00:00,23414.64000000,23447.76000000,23364.01000000,23378.45000000,5809.14462000
81,2023-02-28 09:00:00,23377.69000000,23414.34000000,23362.25000000,23392.30000000,5199.44704000
82,2023-02-28 10:00:00,23391.69000000,23397.58000000,23212.80000000,23236.68000000,11630.46610000
83,2023-02-28 11:00:00,23235.63000000,23302.94000000,23200.00000000,23264.21000000,9632.76893000
84,2023-02-28 12:00:00,23263.30000000,23321.76000000,23244.21000000,23267.79000000,6848.87325000
85,2023-02-28 13:00:00,23268.43000000,23391.03000000,23253.50000000,23363.90000000,8325.65430000
86,2023-02-28 14:00:00,23363.90000000,23421.98000000,23335.47000000,23392.69000000,8271.20474000
87,2023-02-28 15:00:00,23391.96000000,23506.11000000,23385.29000000,23454.54000000,11972.91998000
88,2023-02-28 16:00:00,23454.01000000,23487.78000000,23368.79000000,23403.17000000,11459.31902000
89,2023-02-28 17:00:00,23403.17000000,23579.12000000,23315.42000000,23425.94000000,22722.18937000
90,2023-02-28 18:00:00,23425.19000000,23546.32000000,23403.45000000,23518.30000000,22232.18293000
91,2023-02-28 19:00:00,23519.08000000,23600.00000000,23426.47000000,23456.05000000,15181.60413000
92,2023-02-28 20:00:00,23456.05000000,23558.34000000,23447.50000000,23526.54000000,10063.01586000
93,2023-02-28 21:00:00,23525.90000000,23550.00000000,23436.88000000,23481.63000000,10634.98137000
94,2023-02-28 22:00:00,23481.63000000,23492.84000000,23205.06000000,23264.36000000,18237.24695000
95,2023-02-28 23:00:00,23263.38000000,23343.55000000,23166.35000000,23272.05000000,15233.07563000
96,2023-03-01 00:00:00,23270.59000000,23277.98000000,23020.97000000,23139.89000000,19752.93941000
97,2023-03-01 01:00:00,23138.89000000,23240.82000000,23094.69000000,23161.38000000,9845.54159000
98,2023-03-01 02:00:00,23160.47000000,23199.96000000,23098.35000000,23141.57000000,8697.06996000
99,2023-03-01 03:00:00,23141.57000000,23219.99000000,23020.03000000,23101.00000000,12736.94918000
100,2023-03-01 04:00:00,23101.00000000,23296.94000000,23075.14000000,23245.96000000,11574.17720000
101,2023-03-01 05:00:00,23245.96000000,23336.46000000,23234.20000000,23331.21000000,7905.82139000
102,2023-03-01 06:00:00,23332.57000000,23498.00000000,23305.97000000,23441.14000000,14946.69431000
103,2023-03-01 07:00:00,23440.37000000,23847.00000000,23425.44000000,23794.48000000,15445.26401000
104,2023-03-01 08:00:00,23794.48000000,23821.56000000,23631.97000000,23694.17000000,12473.00946000
105,2023-03-01 09:00:00,23695.14000000,23803.39000000,23666.00000000,23752.75000000,11365.96869000
106,2023-03-01 10:00:00,23752.75000000,23762.22000000,23681.00000000,23716.06000000,10152.89081000
107,2023-03-01 11:00:00,23716.06000000,24000.00000000,23681.81000000,23867.78000000,15049.10338000
108,2023-03-01 12:00:00,23869.01000000,23907.68000000,23725.07000000,23756.14000000,13185.74931000
109,2023-03-01 13:00:00,23755.74000000,23787.46000000,23673.44000000,23777.62000000,9259.78151000
110,2023-03-01 14:00:00,23777.62000000,23788.40000000,23700.00000000,23739.17000000,8099.11946000
111,2023-03-01 15:00:00,23739.87000000,23820.51000000,23701.09000000,23722.60000000,9882.62622000
112,2023-03-01 16:00:00,23722.60000000,23735.17000000,23616.45000000,23689.45000000,12613.43277000
113,2023-03-01 17:00:00,23689.97000000,23888.00000000,23570.00000000,23679.86000000,23100.28180000
114,2023-03-01 18:00:00,23679.86000000,23770.00000000,23550.80000000,23711.09000000,25931.50196000
115,2023-03-01 19:00:00,23711.09000000,23746.24000000,23555.06000000,23691.90000000,20056.88622000
116,2023-03-01 20:00:00,23692.54000000,23744.68000000,23669.30000000,23704.68000000,11849.32755000
117,2023-03-01 21:00:00,23704.68000000,23724.82000000,23646.73000000,23690.88000000,9019.93201000
118,2023-03-01 22:00:00,23690.88000000,23695.57000000,23328.16000000,23355.14000000,18614.35177000
119,2023-03-01 23:00:00,23354.03000000,23471.62000000,23300.00000000,23421.23000000,15139.12216000
120,2023-03-02 00:00:00,23421.23000000,23593.32000000,23368.41000000,23553.73000000,10927.13943000
121,2023-03-02 01:00:00,23553.94000000,23579.52000000,23440.39000000,23531.94000000,7214.32670000
122,2023-03-02 02:00:00,23531.41000000,23674.60000000,23501.20000000,23628.97000000,8743.96007000
123,2023-03-02 03:00:00,23629.76000000,23796.93000000,23595.11000000,23606.95000000,12203.50378000
124,2023-03-02 04:00:00,23606.31000000,23635.87000000,23445.63000000,23513.50000000,11886.61896000
125,2023-03-02 05:00:00,23514.29000000,23543.63000000,23448.92000000,23494.47000000,7889.41687000
126,2023-03-02 06:00:00,23494.47000000,23513.49000000,23423.17000000,23494.29000000,6939.12130000
127,2023-03-02 07:00:00,23494.29000000,23546.82000000,23469.43000000,23536.33000000,4693.64663000
128,2023-03-02 08:00:00,23536.34000000,23544.76000000,23410.65000000,23445.71000000,6316.91756000
129,2023-03-02 09:00:00,23445.48000000,23474.35000000,23374.46000000,23437.86000000,8081.01585000
130,2023-03-02 10:00:00,23437.86000000,23448.08000000,23335.41000000,23391.87000000,8862.36324000
131,2023-03-02 11:00:00,23391.87000000,23466.68000000,23347.76000000,23443.67000000,9464.04322000
132,2023-03-02 12:00:00,23443.67000000,23468.50000000,23386.45000000,23400.39000000,6826.56119000
133,2023-03-02 13:00:00,23399.85000000,23419.66000000,23337.37000000,23375.64000000,8741.26195000
134,2023-03-02 14:00:00,23375.22000000,23429.83000000,23359.24000000,23414.73000000,6999.04416000
135,2023-03-02 15:00:00,23414.73000000,23434.26000000,23319.00000000,23355.54000000,10609.32723000
136,2023-03-02 16:00:00,23354.61000000,23412.00000000,23236.00000000,23308.95000000,17949.99508000
137,2023-03-02 17:00:00,23309.98000000,23349.21000000,23195.90000000,23305.46000000,19651.20803000
138,2023-03-02 18:00:00,23305.46000000,23383.83000000,23274.08000000,23361.11000000,15400.28680000
139,2023-03-02 19:00:00,23361.10000000,23387.84000000,23250.24000000,23279.98000000,11198.50222000
140,2023-03-02 20:00:00,23279.45000000,23319.36000000,23231.29000000,23268.91000000,9066.42684000
141,2023-03-02 21:00:00,23269.02000000,23458.94000000,23254.31000000,23441.14000000,12172.80560000
142,2023-03-02 22:00:00,23441.14000000,23507.97000000,23388.76000000,23463.99000000,14125.24813000
143,2023-03-02 23:00:00,23463.40000000,23567.52000000,23425.09000000,23467.06000000,12613.16616000
144,2023-03-03 00:00:00,23467.64000000,23474.09000000,23386.44000000,23408.65000000,6454.34131000
145,2023-03-03 01:00:00,23409.47000000,23557.01000000,23408.65000000,23460.97000000,6018.14551000
146,2023-03-03 02:00:00,23460.27000000,23504.01000000,23429.32000000,23465.32000000,5152.48457000
147,2023-03-03 03:00:00,23465.32000000,23476.95000000,23398.85000000,23418.50000000,5032.12995000
148,2023-03-03 04:00:00,23417.58000000,23425.70000000,21971.13000000,22150.31000000,58703.56909000
149,2023-03-03 05:00:00,22150.31000000,22454.94000000,22099.18000000,22348.57000000,27017.16031000
150,2023-03-03 06:00:00,22347.51000000,22400.87000000,22276.90000000,22319.69000000,14249.44828000
151,2023-03-03 07:00:00,22319.69000000,22393.33000000,22251.08000000,22376.50000000,10661.47999000
152,2023-03-03 08:00:00,22376.46000000,22411.36000000,22329.14000000,22341.80000000,9261.94983000
153,2023-03-03 09:00:00,22341.80000000,22402.25000000,22325.81000000,22378.73000000,9627.66386000
154,2023-03-03 10:00:00,22379.01000000,22404.70000000,22332.03000000,22360.78000000,9973.58999000
155,2023-03-03 11:00:00,22360.78000000,22453.88000000,22354.36000000,22430.33000000,10403.79747000
156,2023-03-03 12:00:00,22430.33000000,22479.97000000,22346.84000000,22368.54000000,9762.17569000
157,2023-03-03 13:00:00,22368.54000000,22393.65000000,22339.26000000,22351.43000000,6371.83274000
158,2023-03-03 14:00:00,22352.09000000,22367.53000000,22300.14000000,22342.92000000,7581.26516000
159,2023-03-03 15:00:00,22343.06000000,22370.00000000,22323.16000000,22354.00000000,8263.56857000
160,2023-03-03 16:00:00,22353.46000000,22428.34000000,22172.65000000,22402.80000000,17076.83237000
161,2023-03-03 17:00:00,22402.79000000,22498.99000000,22361.02000000,22376.00000000,18666.58650000
162,2023-03-03 18:00:00,22377.34000000,22417.48000000,22228.99000000,22336.33000000,19801.36428000
163,2023-03-03 19:00:00,22335.84000000,22382.14000000,22322.00000000,22374.15000000,9549.69645000
164,2023-03-03 20:00:00,22375.36000000,22448.25000000,22366.26000000,22413.17000000,10207.73624000
165,2023-03-03 21:00:00,22413.38000000,22422.91000000,22229.25000000,22313.20000000,14044.11611000
166,2023-03-03 22:00:00,22313.20000000,22397.76000000,22289.84000000,22358.48000000,8452.36394000
167,2023-03-03 23:00:00,22357.83000000,22378.22000000,22274.00000000,22308.16000000,8238.69603000
168,2023-03-04 00:00:00,22307.08000000,22316.15000000,22147.00000000,22239.92000000,14773.22101000
169,2023-03-04 01:00:00,22239.92000000,22338.75000000,22224.68000000,22320.99000000,5433.81752000
170,2023-03-04 02:00:00,22320.99000000,22377.26000000,22313.17000000,22354.34000000,6800.13647000
171,2023-03-04 03:00:00,22354.34000000,22392.17000000,22330.01000000,22368.49000000,5359.40241000
172,2023-03-04 04:00:00,22369.11000000,22392.11000000,22336.00000000,22342.01000000,4859.54160000
173,2023-03-04 05:00:00,22342.39000000,22359.39000000,22333.78000000,22339.87000000,2961.25760000
174,2023-03-04 06:00:00,22339.87000000,22354.55000000,22323.05000000,22346.66000000,3912.61644000
175,2023-03-04 07:00:00,22346.65000000,22368.00000000,22325.90000000,22343.94000000,4423.52645000
176,2023-03-04 08:00:00,22343.94000000,22344.88000000,22269.94000000,22328.18000000,5575.87165000
177,2023-03-04 09:00:00,22328.18000000,22410.00000000,22313.21000000,22364.69000000,6772.60746000
178,2023-03-04 10:00:00,22364.69000000,22378.23000000,22351.00000000,22359.09000000,3936.88885000
179,2023-03-04 11:00:00,22359.44000000,22363.68000000,22331.78000000,22341.21000000,4199.25017000
180,2023-03-04 12:00:00,22341.55000000,22376.97000000,22339.51000000,22350.97000000,3587.04286000
181,2023-03-04 13:00:00,22350.72000000,22357.68000000,22322.30000000,22332.76000000,4403.12693000
182,2023-03-04 14:00:00,22332.84000000,22358.30000000,22331.89000000,22349.46000000,3421.02678000
183,2023-03-04 15:00:00,22349.46000000,22398.00000000,22338.84000000,22385.31000000,5043.61663000
184,2023-03-04 16:00:00,22385.31000000,22388.22000000,22355.37000000,22355.80000000,4202.97939000
185,2023-03-04 17:00:00,22355.80000000,22368.00000000,22331.13000000,22342.79000000,4918.68309000
186,2023-03-04 18:00:00,22343.18000000,22352.48000000,22307.98000000,22317.87000000,5082.71880000
187,2023-03-04 19:00:00,22317.38000000,22347.93000000,22293.05000000,22324.86000000,5340.06662000
188,2023-03-04 20:00:00,22324.90000000,22333.97000000,22301.85000000,22307.12000000,3412.49485000
189,2023-03-04 21:00:00,22306.85000000,22332.00000000,22245.43000000,22320.97000000,4645.85724000
190,2023-03-04 22:00:00,22320.66000000,22326.20000000,22227.20000000,22250.78000000,5085.56443000
191,2023-03-04 23:00:00,22250.67000000,22265.00000000,22184.00000000,22250.34000000,8543.67924000
192,2023-03-05 00:00:00,22250.33000000,22251.61000000,22157.08000000,22213.65000000,9870.41959000
193,2023-03-05 01:00:00,22213.65000000,22359.00000000,22202.00000000,22305.98000000,7313.93543000
194,2023-03-05 02:00:00,22306.45000000,22353.20000000,22290.78000000,22346.57000000,4385.20681000
195,2023-03-05 03:00:00,22346.57000000,22389.32000000,22313.41000000,22379.25000000,5458.32443000
196,2023-03-05 04:00:00,22379.83000000,22662.09000000,22348.00000000,22591.68000000,19036.63222000
197,2023-03-05 05:00:00,22591.14000000,22612.84000000,22189.22000000,22360.82000000,16198.56489000
198,2023-03-05 06:00:00,22360.82000000,22441.05000000,22356.50000000,22387.02000000,7129.15803000
199,2023-03-05 07:00:00,22387.02000000,22470.93000000,22378.18000000,22440.73000000,6705.11842000
200,2023-03-05 08:00:00,22440.73000000,22446.56000000,22391.18000000,22418.99000000,3884.50230000
201,2023-03-05 09:00:00,22419.32000000,22427.00000000,22401.54000000,22415.73000000,3596.06691000
202,2023-03-05 10:00:00,22415.76000000,22421.21000000,22365.26000000,22375.70000000,5114.22735000
203,2023-03-05 11:00:00,22375.70000000,22399.45000000,22328.00000000,22342.71000000,5206.97415000
204,2023-03-05 12:00:00,22342.09000000,22398.28000000,22316.63000000,22368.47000000,5240.48890000
205,2023-03-05 13:00:00,22369.14000000,22448.80000000,22363.27000000,22410.83000000,5446.74669000
206,2023-03-05 14:00:00,22410.83000000,22422.54000000,22381.00000000,22389.77000000,4195.79843000
207,2023-03-05 15:00:00,22390.12000000,22444.00000000,22388.57000000,22420.34000000,4665.11241000
208,2023-03-05 16:00:00,22419.89000000,22494.96000000,22418.02000000,22465.77000000,7748.08011000
209,2023-03-05 17:00:00,22465.77000000,22478.87000000,22417.01000000,22432.46000000,5437.93651000
210,2023-03-05 18:00:00,22431.75000000,22470.70000000,22421.50000000,22436.18000000,4576.90893000
211,2023-03-05 19:00:00,22436.70000000,22460.07000000,22421.28000000,22442.92000000,4436.70450000
212,2023-03-05 20:00:00,22442.92000000,22455.00000000,22419.82000000,22427.47000000,3280.75121000
213,2023-03-05 21:00:00,22427.47000000,22449.51000000,22422.02000000,22429.26000000,3058.34398000
214,2023-03-05 22:00:00,22428.98000000,22450.00000000,22374.60000000,22403.45000000,5493.79210000
215,2023-03-05 23:00:00,22403.45000000,22425.00000000,22395.80000000,22409.05000000,3495.35861000
216,2023-03-06 00:00:00,22408.58000000,22560.00000000,22331.00000000,22483.46000000,11941.94716000
217,2023-03-06 01:00:00,22483.46000000,22486.86000000,22380.00000000,22433.00000000,5630.39284000
218,2023-03-06 02:00:00,22432.48000000,22462.22000000,22361.75000000,22430.24000000,7863.82678000
219,2023-03-06 03:00:00,22430.24000000,22470.08000000,22361.43000000,22446.48000000,6995.28350000
220,2023-03-06 04:00:00,22446.48000000,22508.00000000,22322.34000000,22379.24000000,13476.08464000
221,2023-03-06 05:00:00,22378.49000000,22405.94000000,22258.00000000,22391.58000000,13345.40628000
222,2023-03-06 06:00:00,22391.12000000,22417.29000000,22368.35000000,22387.19000000,4454.02779000
223,2023-03-06 07:00:00,22387.19000000,22399.60000000,22334.06000000,22342.63000000,5464.70816000
224,2023-03-06 08:00:00,22342.63000000,22372.32000000,22313.94000000,22370.18000000,5278.67525000
225,2023-03-06 09:00:00,22369.79000000,22436.00000000,22364.80000000,22405.93000000,4976.03351000
226,2023-03-06 10:00:00,22406.59000000,22434.00000000,22385.12000000,22392.74000000,5121.62517000
227,2023-03-06 11:00:00,22392.74000000,22450.00000000,22356.08000000,22413.23000000,8219.82713000
228,2023-03-06 12:00:00,22413.23000000,22421.30000000,22364.07000000,22403.68000000,6645.55743000
229,2023-03-06 13:00:00,22403.09000000,22414.00000000,22371.00000000,22399.78000000,6252.80739000
230,2023-03-06 14:00:00,22399.78000000,22402.63000000,22355.00000000,22379.57000000,7025.94946000
231,2023-03-06 15:00:00,22379.95000000,22413.54000000,22357.08000000,22397.42000000,6275.93365000
232,2023-03-06 16:00:00,22397.72000000,22487.99000000,22387.01000000,22439.77000000,10229.51494000
233,2023-03-06 17:00:00,22440.32000000,22483.92000000,22403.20000000,22450.00000000,11368.76483000
234,2023-03-06 18:00:00,22449.46000000,22602.19000000,22432.07000000,22553.42000000,16288.43096000
235,2023-03-06 19:00:00,22554.43000000,22586.98000000,22465.60000000,22524.46000000,13401.27685000
236,2023-03-06 20:00:00,22524.46000000,22536.07000000,22470.89000000,22481.63000000,7812.16565000
237,2023-03-06 21:00:00,22481.63000000,22539.68000000,22465.00000000,22504.09000000,8130.25619000
238,2023-03-06 22:00:00,22504.08000000,22512.72000000,22358.00000000,22393.35000000,15939.35736000
239,2023-03-06 23:00:00,22393.35000000,22416.41000000,22331.00000000,22352.17000000,9704.53262000
240,2023-03-07 00:00:00,22352.17000000,22439.99000000,22320.01000000,22408.53000000,6259.16469000
241,2023-03-07 01:00:00,22408.53000000,22450.00000000,22407.08000000,22433.65000000,4722.66921000
242,2023-03-07 02:00:00,22433.65000000,22446.09000000,22390.07000000,22410.00000000,6363.77691000
243,2023-03-07 03:00:00,22409.41000000,22428.00000000,22377.69000000,22415.92000000,6254.62047000
244,2023-03-07 04:00:00,22415.54000000,22508.88000000,22411.80000000,22484.80000000,8865.01381000
245,2023-03-07 05:00:00,22484.80000000,22509.99000000,22452.48000000,22497.86000000,5734.12894000
246,2023-03-07 06:00:00,22497.87000000,22557.91000000,22445.22000000,22460.54000000,7212.57315000
247,2023-03-07 07:00:00,22460.99000000,22479.80000000,22453.98000000,22474.36000000,4032.26352000
248,2023-03-07 08:00:00,22474.36000000,22479.85000000,22443.73000000,22460.67000000,4659.12544000
249,2023-03-07 09:00:00,22460.09000000,22461.31000000,22408.09000000,22438.52000000,6458.64388000
250,2023-03-07 10:00:00,22438.07000000,22453.90000000,22410.24000000,22419.71000000,5882.30757000
251,2023-03-07 11:00:00,22420.29000000,22426.65000000,22395.05000000,22420.18000000,6693.99498000
252,2023-03-07 12:00:00,22420.53000000,22426.17000000,22345.49000000,22381.17000000,10907.27660000
253,2023-03-07 13:00:00,22381.17000000,22432.60000000,22367.30000000,22372.85000000,8537.41518000
254,2023-03-07 14:00:00,22372.85000000,22398.11000000,22321.00000000,22351.02000000,9399.60950000
255,2023-03-07 15:00:00,22351.02000000,22410.20000000,22335.36000000,22399.07000000,8470.94616000
256,2023-03-07 16:00:00,22399.07000000,22410.00000000,22354.10000000,22363.89000000,8071.28679000
257,2023-03-07 17:00:00,22363.53000000,22383.58000000,22200.32000000,22309.18000000,21090.97003000
258,2023-03-07 18:00:00,22309.18000000,22489.88000000,21927.00000000,22320.90000000,59648.47568000
259,2023-03-07 19:00:00,22321.98000000,22394.08000000,22192.84000000,22238.77000000,21822.97104000
260,2023-03-07 20:00:00,22238.77000000,22360.00000000,22224.96000000,22309.28000000,15164.53002000
261,2023-03-07 21:00:00,22308.25000000,22331.49000000,22160.64000000,22199.96000000,13467.03162000
262,2023-03-07 22:00:00,22198.49000000,22249.98000000,22054.92000000,22124.77000000,11681.71560000
263,2023-03-07 23:00:00,22125.99000000,22145.29000000,21996.00000000,22054.51000000,19088.27298000
264,2023-03-08 00:00:00,22055.64000000,22116.66000000,21943.00000000,22056.26000000,12708.13147000
265,2023-03-08 01:00:00,22055.95000000,22122.22000000,21981.64000000,22105.65000000,7923.57217000
266,2023-03-08 02:00:00,22105.65000000,22230.51000000,22075.51000000,22197.96000000,8744.93252000
267,2023-03-08 03:00:00,22198.56000000,22287.00000000,22190.32000000,22245.86000000,9321.72502000
268,2023-03-08 04:00:00,22245.86000000,22256.66000000,22136.84000000,22173.70000000,7768.19630000
269,2023-03-08 05:00:00,22174.57000000,22211.30000000,22158.37000000,22177.00000000,5678.44763000
270,2023-03-08 06:00:00,22177.00000000,22191.73000000,22084.30000000,22152.52000000,7387.15207000
271,2023-03-08 07:00:00,22152.52000000,22167.73000000,22105.18000000,22141.79000000,5712.12814000
272,2023-03-08 08:00:00,22141.79000000,22147.73000000,21840.13000000,21954.98000000,19927.47105000
273,2023-03-08 09:00:00,21954.31000000,22051.62000000,21930.20000000,22025.63000000,12447.40555000
274,2023-03-08 10:00:00,22025.63000000,22039.15000000,21961.17000000,21971.03000000,8984.56836000
275,2023-03-08 11:00:00,21971.83000000,22034.16000000,21944.55000000,21989.14000000,10047.60801000
276,2023-03-08 12:00:00,21989.14000000,22030.00000000,21974.50000000,22012.75000000,8151.38201000
277,2023-03-08 13:00:00,22012.75000000,22144.20000000,22001.00000000,22111.25000000,13368.51293000
278,2023-03-08 14:00:00,22111.25000000,22134.85000000,22055.25000000,22072.45000000,9485.70357000
279,2023-03-08 15:00:00,22071.98000000,22107.82000000,21993.61000000,22014.17000000,10928.25251000
280,2023-03-08 16:00:00,22014.17000000,22062.00000000,21940.00000000,21989.16000000,16367.90865000
281,2023-03-08 17:00:00,21989.16000000,22030.52000000,21922.22000000,21974.73000000,19735.20056000
282,2023-03-08 18:00:00,21974.73000000,22229.04000000,21876.66000000,22140.80000000,34124.55170000
283,2023-03-08 19:00:00,22139.97000000,22218.30000000,22058.30000000,22140.61000000,15478.76546000
284,2023-03-08 20:00:00,22140.61000000,22150.00000000,22022.52000000,22034.48000000,10620.41683000
285,2023-03-08 21:00:00,22034.48000000,22063.03000000,21944.25000000,22022.75000000,12174.26210000
286,2023-03-08 22:00:00,22021.97000000,22061.60000000,21987.26000000,21997.25000000,9051.11834000
287,2023-03-08 23:00:00,21997.25000000,22133.75000000,21969.56000000,22101.26000000,11899.29454000
288,2023-03-09 00:00:00,22099.95000000,22113.57000000,21907.09000000,22009.75000000,10598.73461000
289,2023-03-09 01:00:00,22010.37000000,22016.16000000,21660.00000000,21802.16000000,11805.35357000
290,2023-03-09 02:00:00,21800.47000000,21838.12000000,21580.00000000,21705.44000000,20396.41321000
291,2023-03-09 03:00:00,21704.37000000,21765.15000000,21675.40000000,21719.42000000,10551.56996000
292,2023-03-09 04:00:00,21720.15000000,21762.38000000,21629.43000000,21702.94000000,10219.11258000
293,2023-03-09 05:00:00,21703.55000000,21793.65000000,21700.44000000,21769.65000000,7921.66747000
294,2023-03-09 06:00:00,21769.14000000,21806.68000000,21744.46000000,21769.66000000,6739.30785000
295,2023-03-09 07:00:00,21770.37000000,21774.69000000,21720.11000000,21740.43000000,5953.71527000
296,2023-03-09 08:00:00,21740.39000000,21761.33000000,21728.00000000,21738.93000000,5857.40431000
297,2023-03-09 09:00:00,21738.93000000,21746.04000000,21683.49000000,21741.80000000,7890.85590000
298,2023-03-09 10:00:00,21741.25000000,21742.39000000,21665.67000000,21688.54000000,8160.18877000
299,2023-03-09 11:00:00,21688.54000000,21698.38000000,21602.00000000,21681.52000000,15335.28307000
300,2023-03-09 12:00:00,21682.31000000,21700.00000000,21585.00000000,21641.58000000,12338.10576000
301,2023-03-09 13:00:00,21641.07000000,21683.68000000,21527.00000000,21648.43000000,14926.28036000
302,2023-03-09 14:00:00,21646.98000000,21674.11000000,21620.00000000,21669.38000000,9697.99101000
303,2023-03-09 15:00:00,21669.38000000,21674.98000000,21600.96000000,21611.34000000,9381.03199000
304,2023-03-09 16:00:00,21611.89000000,21730.77000000,21552.84000000,21703.76000000,21493.94100000
305,2023-03-09 17:00:00,21703.76000000,21834.99000000,21686.72000000,21722.89000000,23399.51181000
306,2023-03-09 18:00:00,21722.10000000,21807.66000000,21633.95000000,21648.57000000,17586.60391000
307,2023-03-09 19:00:00,21647.42000000,21675.22000000,21416.79000000,21478.85000000,28547.08915000
308,2023-03-09 20:00:00,21479.31000000,21524.96000000,21400.00000000,21469.46000000,20661.68843000
309,2023-03-09 21:00:00,21470.47000000,21491.86000000,20967.00000000,21012.89000000,40265.11837000
310,2023-03-09 22:00:00,21013.32000000,21020.64000000,20766.20000000,20854.93000000,37836.59279000
311,2023-03-09 23:00:00,20856.30000000,20867.30000000,20042.72000000,20116.66000000,64418.09962000
312,2023-03-10 00:00:00,20119.83000000,20416.04000000,20112.18000000,20213.61000000,36841.57762000
313,2023-03-10 01:00:00,20213.61000000,20494.96000000,20213.01000000,20343.58000000,14779.28498000
314,2023-03-10 02:00:00,20343.58000000,20379.58000000,20274.62000000,20362.22000000,12856.26386000
315,2023-03-10 03:00:00,20362.21000000,20367.78000000,20022.00000000,20120.27000000,31664.01722000
316,2023-03-10 04:00:00,20121.38000000,20159.50000000,19776.22000000,20111.01000000,51259.99284000
317,2023-03-10 05:00:00,20111.87000000,20141.72000000,20024.95000000,20040.44000000,15373.36430000
318,2023-03-10 06:00:00,20040.44000000,20134.50000000,19977.48000000,20052.07000000,12847.04823000
319,2023-03-10 07:00:00,20052.07000000,20065.00000000,19833.01000000,19876.69000000,21600.53689000
320,2023-03-10 08:00:00,19876.15000000,20046.00000000,19854.09000000,19990.10000000,16038.64182000
321,2023-03-10 09:00:00,19990.10000000,20024.76000000,19839.62000000,19873.46000000,17818.24696000
322,2023-03-10 10:00:00,19873.46000000,20039.19000000,19776.55000000,19953.58000000,28538.44321000
323,2023-03-10 11:00:00,19953.58000000,19977.00000000,19875.83000000,19959.12000000,15178.47787000
324,2023-03-10 12:00:00,19958.54000000,19969.14000000,19831.40000000,19853.12000000,17552.14244000
325,2023-03-10 13:00:00,19853.12000000,19924.04000000,19549.09000000,19621.66000000,38988.67853000
326,2023-03-10 14:00:00,19622.77000000,19802.24000000,19569.47000000,19760.78000000,25258.98821000
327,2023-03-10 15:00:00,19761.12000000,19998.99000000,19730.16000000,19934.75000000,24926.96144000
328,2023-03-10 16:00:00,19933.31000000,20321.19000000,19884.75000000,20184.92000000,43471.46204000
329,2023-03-10 17:00:00,20184.90000000,20191.40000000,19657.11000000,19819.80000000,47271.45090000
330,2023-03-10 18:00:00,19819.80000000,20037.75000000,19766.00000000,20004.96000000,36948.61278000
331,2023-03-10 19:00:00,20004.96000000,20307.73000000,19928.83000000,20016.36000000,36709.18200000
332,2023-03-10 20:00:00,20015.11000000,20082.66000000,19830.74000000,19930.48000000,31007.14935000
333,2023-03-10 21:00:00,19928.57000000,20005.21000000,19824.06000000,19848.52000000,20359.44087000
334,2023-03-10 22:00:00,19848.50000000,20071.40000000,19843.40000000,20024.32000000,21587.99302000
335,2023-03-10 23:00:00,20022.72000000,20066.72000000,19938.07000000,19969.31000000,15890.12244000
336,2023-03-11 00:00:00,19969.31000000,20129.10000000,19850.00000000,20076.64000000,16487.91290000
337,2023-03-11 01:00:00,20076.64000000,20167.79000000,20021.64000000,20097.23000000,14562.97988000
338,2023-03-11 02:00:00,20097.23000000,20240.40000000,20084.21000000,20150.69000000,17114.62096000
339,2023-03-11 03:00:00,20150.69000000,20301.79000000,20135.05000000,20216.03000000,22331.05908000
340,2023-03-11 04:00:00,20215.53000000,20686.51000000,20215.50000000,20586.75000000,36421.82903000
341,2023-03-11 05:00:00,20586.75000000,20640.11000000,20374.07000000,20492.43000000,21108.18651000
342,2023-03-11 06:00:00,20491.36000000,20502.75000000,20315.01000000,20393.88000000,18728.32545000
343,2023-03-11 07:00:00,20393.89000000,20414.81000000,20271.23000000,20339.70000000,16413.50707000
344,2023-03-11 08:00:00,20339.69000000,20435.43000000,20307.45000000,20391.39000000,11862.67058000
345,2023-03-11 09:00:00,20391.40000000,20408.46000000,20200.00000000,20284.61000000,16272.52221000
346,2023-03-11 10:00:00,20283.90000000,20320.77000000,19823.82000000,19850.81000000,31787.51955000
347,2023-03-11 11:00:00,19850.81000000,20208.36000000,19765.03000000,20071.82000000,31430.07237000
348,2023-03-11 12:00:00,20071.82000000,20147.15000000,19955.43000000,20092.78000000,20800.33105000
349,2023-03-11 13:00:00,20092.78000000,20160.15000000,19997.50000000,20036.75000000,14152.26404000
350,2023-03-11 14:00:00,20035.98000000,20107.99000000,19971.71000000,20086.07000000,15409.27430000
351,2023-03-11 15:00:00,20086.07000000,20129.06000000,20030.00000000,20031.65000000,11590.75024000
352,2023-03-11 16:00:00,20032.41000000,20143.93000000,20030.01000000,20078.23000000,11421.45925000
353,2023-03-11 17:00:00,20077.14000000,20205.46000000,20072.82000000,20112.33000000,14586.02126000
354,2023-03-11 18:00:00,20113.14000000,20147.00000000,20040.77000000,20061.98000000,12503.59402000
355,2023-03-11 19:00:00,20062.77000000,20104.61000000,19992.24000000,20091.11000000,14989.73120000
356,2023-03-11 20:00:00,20091.75000000,20331.44000000,20066.00000000,20246.92000000,19784.05771000
357,2023-03-11 21:00:00,20245.48000000,20324.21000000,20197.64000000,20226.72000000,16153.81836000
358,2023-03-11 22:00:00,20227.46000000,20252.88000000,20145.01000000,20220.96000000,11779.92271000
359,2023-03-11 23:00:00,20220.98000000,20456.00000000,20214.63000000,20349.40000000,20386.69151000
360,2023-03-12 00:00:00,20349.40000000,20364.49000000,20280.00000000,20353.91000000,11759.87704000
361,2023-03-12 01:00:00,20353.91000000,20450.00000000,20300.00000000,20333.55000000,12228.33030000
362,2023-03-12 02:00:00,20332.53000000,20529.91000000,20330.41000000,20455.73000000,13930.00649000
363,2023-03-12 03:00:00,20455.73000000,20502.46000000,20342.69000000,20453.41000000,17296.31670000
364,2023-03-12 04:00:00,20453.41000000,20483.89000000,20380.00000000,20419.33000000,10518.94571000
365,2023-03-12 05:00:00,20419.33000000,20430.66000000,20303.53000000,20377.20000000,12221.37370000
366,2023-03-12 06:00:00,20377.21000000,20464.91000000,20351.13000000,20376.46000000,11333.87733000
367,2023-03-12 07:00:00,20376.47000000,20403.03000000,20325.32000000,20386.99000000,8959.10190000
368,2023-03-12 08:00:00,20386.30000000,20440.80000000,20350.02000000,20354.68000000,9827.92448000
369,2023-03-12 09:00:00,20354.68000000,20383.17000000,20318.00000000,20331.80000000,8022.11883000
370,2023-03-12 10:00:00,20331.20000000,20374.08000000,20270.60000000,20346.71000000,9179.47060000
371,2023-03-12 11:00:00,20346.71000000,20395.00000000,20333.80000000,20376.88000000,9577.40381000
372,2023-03-12 12:00:00,20376.83000000,20432.56000000,20362.64000000,20382.18000000,11110.29005000
373,2023-03-12 13:00:00,20382.73000000,20448.82000000,20365.08000000,20425.93000000,7738.29404000
374,2023-03-12 14:00:00,20425.93000000,20497.34000000,20416.02000000,20445.43000000,11284.55407000
375,2023-03-12 15:00:00,20445.56000000,20446.70000000,20317.39000000,20381.25000000,13909.76132000
376,2023-03-12 16:00:00,20380.62000000,20466.00000000,20369.00000000,20383.95000000,11980.10659000
377,2023-03-12 17:00:00,20383.95000000,20406.75000000,20327.59000000,20339.55000000,10691.66424000
378,2023-03-12 18:00:00,20338.28000000,20411.80000000,20284.39000000,20358.96000000,13205.60191000
379,2023-03-12 19:00:00,20359.59000000,20419.00000000,20341.85000000,20389.55000000,10460.05601000
380,2023-03-12 20:00:00,20390.15000000,20857.62000000,20373.13000000,20785.52000000,33546.82000000
381,2023-03-12 21:00:00,20786.52000000,21331.75000000,20692.01000000,21076.45000000,48753.29199000
382,2023-03-12 22:00:00,21075.05000000,21224.99000000,20735.19000000,20779.54000000,32229.52187000
383,2023-03-12 23:00:00,20779.54000000,21361.57000000,20755.76000000,21259.02000000,31000.59806000
384,2023-03-13 00:00:00,21257.96000000,21291.21000000,21136.15000000,21272.40000000,16773.47930000
385,2023-03-13 01:00:00,21272.82000000,21903.00000000,21100.69000000,21702.38000000,46708.55635000
386,2023-03-13 02:00:00,21703.97000000,22150.00000000,21602.00000000,21997.11000000,34615.81402000
387,2023-03-13 03:00:00,21998.05000000,22600.00000000,21860.74000000,22446.02000000,46825.16252000
388,2023-03-13 04:00:00,22448.97000000,22478.40000000,22250.37000000,22294.10000000,26022.42752000
389,2023-03-13 05:00:00,22295.40000000,22356.80000000,22066.40000000,22182.01000000,23006.54739000
390,2023-03-13 06:00:00,22182.65000000,22282.40000000,22114.39000000,22231.62000000,15593.27984000
391,2023-03-13 07:00:00,22232.76000000,22459.62000000,22222.88000000,22320.07000000,18986.76942000
392,2023-03-13 08:00:00,22320.07000000,22402.29000000,22285.30000000,22397.11000000,13248.24338000
393,2023-03-13 09:00:00,22397.11000000,22506.00000000,22245.00000000,22381.90000000,16172.56821000
394,2023-03-13 10:00:00,22381.11000000,22495.00000000,22319.06000000,22458.72000000,19762.91694000
395,2023-03-13 11:00:00,22458.87000000,22539.64000000,22170.75000000,22191.10000000,27297.23510000
396,2023-03-13 12:00:00,22191.11000000,22262.35000000,21813.88000000,21963.37000000,35114.65542000
397,2023-03-13 13:00:00,21961.74000000,22177.00000000,21816.67000000,22124.51000000,27471.76369000
398,2023-03-13 14:00:00,22125.45000000,22220.00000000,22017.00000000,22106.64000000,22324.39622000
399,2023-03-13 15:00:00,22106.63000000,22156.17000000,21959.00000000,22130.32000000,27567.30305000
400,2023-03-13 16:00:00,22130.32000000,22590.00000000,22127.87000000,22479.64000000,51898.78387000
401,2023-03-13 17:00:00,22479.64000000,23560.16000000,22400.00000000,23484.63000000,67545.04056000
402,2023-03-13 18:00:00,23484.64000000,24500.00000000,23461.55000000,23981.72000000,69508.65206000
403,2023-03-13 19:00:00,23981.72000000,24203.92000000,23755.00000000,23955.16000000,41803.54493000
404,2023-03-13 20:00:00,23954.14000000,24174.95000000,23821.42000000,24109.10000000,27711.01104000
405,2023-03-13 21:00:00,24109.70000000,24304.56000000,23978.74000000,24256.15000000,26783.56138000
406,2023-03-13 22:00:00,24257.37000000,24393.83000000,24105.00000000,24279.91000000,26149.44757000
407,2023-03-13 23:00:00,24277.25000000,24311.99000000,24054.00000000,24134.11000000,17599.04514000
408,2023-03-14 00:00:00,24135.78000000,24215.00000000,24040.28000000,24085.04000000,10689.40908000
409,2023-03-14 01:00:00,24083.58000000,24232.29000000,24082.09000000,24201.15000000,13002.40372000
410,2023-03-14 02:00:00,24202.45000000,24214.18000000,23938.00000000,24113.48000000,15805.14454000
411,2023-03-14 03:00:00,24112.27000000,24249.80000000,23986.02000000,24166.31000000,20419.04669000
412,2023-03-14 04:00:00,24165.37000000,24441.48000000,24112.01000000,24402.53000000,22294.32279000
413,2023-03-14 05:00:00,24403.42000000,24496.41000000,24251.01000000,24274.69000000,16540.96670000
414,2023-03-14 06:00:00,24275.95000000,24409.90000000,24220.70000000,24374.20000000,10986.81140000
415,2023-03-14 07:00:00,24375.68000000,24432.10000000,24322.46000000,24414.06000000,10786.16648000
416,2023-03-14 08:00:00,24414.90000000,24820.00000000,24188.40000000,24317.80000000,32242.51073000
417,2023-03-14 09:00:00,24317.80000000,24437.31000000,24284.42000000,24325.38000000,16159.04127000
418,2023-03-14 10:00:00,24325.38000000,24403.60000000,24139.06000000,24247.64000000,19781.12665000
419,2023-03-14 11:00:00,24246.75000000,24290.74000000,24118.28000000,24219.61000000,18136.31948000
420,2023-03-14 12:00:00,24219.61000000,24287.27000000,24150.00000000,24280.22000000,14969.83911000
421,2023-03-14 13:00:00,24280.74000000,24621.16000000,24247.82000000,24569.36000000,21323.27524000
422,2023-03-14 14:00:00,24568.41000000,24820.00000000,24443.10000000,24743.04000000,36496.52800000
423,2023-03-14 15:00:00,24743.05000000,26025.00000000,24458.04000000,25832.57000000,80041.75204000
424,2023-03-14 16:00:00,25832.57000000,26386.87000000,25588.00000000,25759.64000000,66006.47052000
425,2023-03-14 17:00:00,25762.88000000,26140.00000000,25633.88000000,25815.75000000,36964.27261000
426,2023-03-14 18:00:00,25819.65000000,25959.27000000,25770.00000000,25894.67000000,27335.51996000
427,2023-03-14 19:00:00,25894.67000000,26001.81000000,25715.63000000,25867.21000000,27079.12535000
428,2023-03-14 20:00:00,25868.50000000,25889.00000000,25601.40000000,25628.25000000,24045.29646000
429,2023-03-14 21:00:00,25629.32000000,25650.37000000,24850.82000000,24990.18000000,40801.47491000
430,2023-03-14 22:00:00,24987.84000000,25160.00000000,24212.49000000,25054.15000000,52866.07352000
431,2023-03-14 23:00:00,25048.39000000,25167.90000000,24487.90000000,24570.06000000,31439.06258000
432,2023-03-15 00:00:00,24570.06000000,24628.88000000,23976.42000000,24535.95000000,34487.86286000
433,2023-03-15 01:00:00,24536.99000000,24790.00000000,24388.00000000,24698.39000000,20513.43984000
434,2023-03-15 02:00:00,24698.39000000,24777.87000000,24603.43000000,24670.41000000,17644.62904000
435,2023-03-15 03:00:00,24670.41000000,24742.29000000,24284.60000000,24720.06000000,25683.67851000
436,2023-03-15 04:00:00,24722.48000000,25074.24000000,24650.40000000,24906.01000000,24210.48624000
437,2023-03-15 05:00:00,24906.00000000,24971.22000000,24797.04000000,24827.89000000,11510.58201000
438,2023-03-15 06:00:00,24826.90000000,24855.00000000,24642.63000000,24717.65000000,13187.88115000
439,2023-03-15 07:00:00,24716.87000000,24816.66000000,24666.57000000,24799.90000000,11256.24051000
440,2023-03-15 08:00:00,24799.90000000,24873.80000000,24672.83000000,24699.71000000,11873.81558000
441,2023-03-15 09:00:00,24700.61000000,24847.49000000,24599.00000000,24781.98000000,14154.95217000
442,2023-03-15 10:00:00,24780.59000000,24918.59000000,24711.50000000,24871.28000000,12666.06354000
443,2023-03-15 11:00:00,24872.54000000,24922.22000000,24750.41000000,24754.70000000,15040.58315000
444,2023-03-15 12:00:00,24754.70000000,24785.00000000,24462.19000000,24516.74000000,20136.66754000
445,2023-03-15 13:00:00,24514.84000000,24648.10000000,24385.83000000,24538.14000000,22052.65897000
446,2023-03-15 14:00:00,24539.68000000,24817.53000000,24255.00000000,24754.50000000,35430.60441000
447,2023-03-15 15:00:00,24753.27000000,25196.97000000,24405.38000000,24808.12000000,52417.59823000
448,2023-03-15 16:00:00,24808.12000000,25128.00000000,24708.89000000,24777.01000000,44198.31413000
449,2023-03-15 17:00:00,24777.01000000,24952.35000000,24429.64000000,24706.61000000,41650.01841000
450,2023-03-15 18:00:00,24706.61000000,24819.92000000,24371.60000000,24471.01000000,34688.95688000
451,2023-03-15 19:00:00,24471.01000000,24523.00000000,24060.35000000,24104.69000000,44285.20751000
452,2023-03-15 20:00:00,24102.12000000,24360.00000000,23896.95000000,24281.86000000,36408.13136000
453,2023-03-15 21:00:00,24280.33000000,24512.38000000,24139.73000000,24409.25000000,31127.20079000
454,2023-03-15 22:00:00,24410.66000000,24479.90000000,24155.04000000,24366.71000000,25953.83987000
455,2023-03-15 23:00:00,24369.97000000,24430.00000000,24229.68000000,24318.56000000,13873.43147000
456,2023-03-16 00:00:00,24317.04000000,24450.00000000,24286.06000000,24422.31000000,8936.27785000
457,2023-03-16 01:00:00,24422.31000000,24633.02000000,24273.75000000,24361.12000000,17253.77967000
458,2023-03-16 02:00:00,24362.78000000,24443.05000000,24223.00000000,24285.66000000,13453.75989000
459,2023-03-16 03:00:00,24285.66000000,24384.12000000,24144.87000000,24202.64000000,16691.21973000
460,2023-03-16 04:00:00,24201.11000000,24344.36000000,24123.00000000,24322.50000000,15289.25029000
461,2023-03-16 05:00:00,24322.50000000,24439.80000000,24301.59000000,24362.64000000,10828.42349000
462,2023-03-16 06:00:00,24363.88000000,24382.95000000,24231.10000000,24265.43000000,9612.36415000
463,2023-03-16 07:00:00,24265.44000000,24313.72000000,24182.00000000,24262.65000000,10095.91464000
464,2023-03-16 08:00:00,24263.36000000,24461.04000000,24228.00000000,24342.80000000,13199.71614000
465,2023-03-16 09:00:00,24342.80000000,24599.96000000,24336.35000000,24568.74000000,17264.11420000
466,2023-03-16 10:00:00,24568.76000000,24685.00000000,24527.51000000,24614.27000000,17665.10824000
467,2023-03-16 11:00:00,24615.79000000,24660.49000000,24555.00000000,24581.10000000,14535.04948000
468,2023-03-16 12:00:00,24581.10000000,24848.88000000,24374.35000000,24658.21000000,26494.04297000
469,2023-03-16 13:00:00,24658.21000000,25066.32000000,24567.43000000,24930.23000000,32453.26186000
470,2023-03-16 14:00:00,24930.23000000,24935.20000000,24724.57000000,24824.62000000,20850.03396000
471,2023-03-16 15:00:00,24826.33000000,24913.35000000,24646.00000000,24720.18000000,25065.66573000
472,2023-03-16 16:00:00,24720.18000000,24850.00000000,24515.23000000,24832.09000000,29466.67506000
473,2023-03-16 17:00:00,24832.09000000,25032.74000000,24678.57000000,24846.64000000,28477.78412000
474,2023-03-16 18:00:00,24846.64000000,24939.45000000,24752.03000000,24888.44000000,22154.64835000
475,2023-03-16 19:00:00,24889.94000000,24918.95000000,24690.00000000,24780.79000000,21712.07102000
476,2023-03-16 20:00:00,24779.02000000,24810.00000000,24620.00000000,24684.98000000,16037.41229000
477,2023-03-16 21:00:00,24684.94000000,24831.00000000,24620.00000000,24790.77000000,12452.78164000
478,2023-03-16 22:00:00,24788.96000000,25167.40000000,24786.27000000,24953.21000000,25768.55152000
479,2023-03-16 23:00:00,24953.21000000,24959.04000000,24623.52000000,24696.87000000,16842.38364000
480,2023-03-17 00:00:00,24698.41000000,25090.00000000,24655.62000000,24914.01000000,13617.54104000
481,2023-03-17 01:00:00,24915.22000000,24999.42000000,24832.01000000,24981.59000000,11173.06741000
482,2023-03-17 02:00:00,24982.64000000,25075.00000000,24920.50000000,24998.78000000,11674.24901000
483,2023-03-17 03:00:00,24998.78000000,25002.61000000,24890.00000000,24918.14000000,10867.65841000
484,2023-03-17 04:00:00,24919.03000000,25730.00000000,24910.00000000,25666.59000000,32711.19977000
485,2023-03-17 05:00:00,25663.78000000,25896.00000000,25491.39000000,25580.16000000,34296.37961000
486,2023-03-17 06:00:00,25578.86000000,25788.50000000,25561.66000000,25781.66000000,14752.59187000
487,2023-03-17 07:00:00,25781.66000000,25879.91000000,25700.00000000,25722.04000000,13993.55989000
488,2023-03-17 08:00:00,25721.25000000,25769.00000000,25656.00000000,25765.88000000,13056.38477000
489,2023-03-17 09:00:00,25765.88000000,26196.40000000,25756.39000000,26142.14000000,32205.53855000
490,2023-03-17 10:00:00,26140.84000000,26169.39000000,25881.73000000,26058.45000000,23742.82701000
491,2023-03-17 11:00:00,26060.07000000,26212.00000000,25918.02000000,25996.41000000,23128.10874000
492,2023-03-17 12:00:00,25995.56000000,26344.16000000,25993.28000000,26240.16000000,20356.55883000
493,2023-03-17 13:00:00,26240.16000000,26788.81000000,26228.57000000,26706.71000000,45836.33175000
494,2023-03-17 14:00:00,26705.70000000,26970.00000000,26574.53000000,26918.73000000,33091.61922000
495,2023-03-17 15:00:00,26920.11000000,26935.12000000,26351.35000000,26631.94000000,35592.92087000
496,2023-03-17 16:00:00,26633.99000000,26756.58000000,26365.84000000,26453.89000000,28580.55611000
497,2023-03-17 17:00:00,26453.88000000,26623.90000000,26118.19000000,26283.00000000,39466.47737000
498,2023-03-17 18:00:00,26283.00000000,26516.46000000,26235.53000000,26421.34000000,25590.36137000
499,2023-03-17 19:00:00,26419.28000000,26573.43000000,26355.41000000,26393.98000000,21224.26679000
500,2023-03-17 20:00:00,26393.98000000,26650.00000000,26380.04000000,26487.79000000,22786.22097000
501,2023-03-17 21:00:00,26487.39000000,26619.26000000,26264.00000000,26617.57000000,21671.34729000
502,2023-03-17 22:00:00,26614.66000000,26860.66000000,26563.67000000,26834.87000000,28180.50668000
503,2023-03-17 23:00:00,26834.87000000,26880.00000000,26588.38000000,26769.59000000,17003.09962000
504,2023-03-18 00:00:00,26769.59000000,27239.49000000,26729.72000000,27094.27000000,21058.36896000
505,2023-03-18 01:00:00,27094.27000000,27756.84000000,26971.01000000,27513.31000000,39219.68878000
506,2023-03-18 02:00:00,27513.31000000,27699.26000000,27251.60000000,27395.13000000,26048.10768000
507,2023-03-18 03:00:00,27395.13000000,27652.61000000,27060.00000000,27627.51000000,28691.34464000
508,2023-03-18 04:00:00,27623.50000000,27724.85000000,27226.29000000,27329.78000000,24473.54725000
509,2023-03-18 05:00:00,27329.19000000,27483.00000000,27215.00000000,27290.98000000,16573.42439000
510,2023-03-18 06:00:00,27289.76000000,27357.33000000,27167.56000000,27307.54000000,11803.04539000
511,2023-03-18 07:00:00,27306.57000000,27403.79000000,27212.56000000,27331.24000000,10109.01573000
512,2023-03-18 08:00:00,27331.24000000,27612.31000000,27294.99000000,27578.05000000,13203.46795000
513,2023-03-18 09:00:00,27578.04000000,27609.78000000,27443.04000000,27505.28000000,10260.27665000
514,2023-03-18 10:00:00,27504.10000000,27513.47000000,27277.00000000,27359.89000000,9617.34798000
515,2023-03-18 11:00:00,27360.43000000,27365.79000000,27055.83000000,27217.57000000,15968.44128000
516,2023-03-18 12:00:00,27216.53000000,27438.90000000,27130.43000000,27398.26000000,12914.33134000
517,2023-03-18 13:00:00,27398.26000000,27500.00000000,27359.22000000,27465.19000000,9470.30851000
518,2023-03-18 14:00:00,27464.65000000,27482.04000000,27307.20000000,27443.09000000,9874.42116000
519,2023-03-18 15:00:00,27443.09000000,27637.20000000,27281.93000000,27503.25000000,15683.83973000
520,2023-03-18 16:00:00,27503.25000000,27536.73000000,27351.06000000,27414.93000000,12719.89797000
521,2023-03-18 17:00:00,27414.04000000,27615.00000000,27398.00000000,27525.56000000,12368.79694000
522,2023-03-18 18:00:00,27526.17000000,27543.83000000,27057.00000000,27226.23000000,27531.29187000
523,2023-03-18 19:00:00,27227.63000000,27463.00000000,26578.00000000,27343.98000000,37576.29096000
524,2023-03-18 20:00:00,27345.82000000,27489.94000000,26904.35000000,27307.07000000,26935.78830000
525,2023-03-18 21:00:00,27309.57000000,27369.86000000,27213.30000000,27319.70000000,10637.23828000
526,2023-03-18 22:00:00,27319.70000000,27431.58000000,27270.01000000,27329.83000000,9819.65711000
527,2023-03-18 23:00:00,27329.14000000,27449.95000000,27235.00000000,27317.96000000,8984.82484000
528,2023-03-19 00:00:00,27316.12000000,27346.47000000,27138.83000000,27189.87000000,6198.88553000
529,2023-03-19 01:00:00,27192.19000000,27240.00000000,26862.15000000,26910.45000000,11973.99800000
530,2023-03-19 02:00:00,26910.45000000,27066.00000000,26810.00000000,26907.49000000,17849.48994000
531,2023-03-19 03:00:00,26907.49000000,27125.94000000,26901.02000000,27077.54000000,13336.76728000
532,2023-03-19 04:00:00,27077.54000000,27188.09000000,27030.73000000,27104.91000000,8838.99341000
533,2023-03-19 05:00:00,27104.91000000,27187.17000000,27054.78000000,27116.07000000,7206.24648000
534,2023-03-19 06:00:00,27116.07000000,27255.19000000,27080.57000000,27198.71000000,6728.45942000
535,2023-03-19 07:00:00,27198.71000000,27291.40000000,27117.58000000,27142.00000000,7589.78614000
536,2023-03-19 08:00:00,27141.00000000,27194.28000000,27034.13000000,27060.08000000,6843.46220000
537,2023-03-19 09:00:00,27061.14000000,27089.71000000,26893.77000000,26934.96000000,10868.74232000
538,2023-03-19 10:00:00,26934.96000000,27012.21000000,26827.22000000,26974.81000000,11035.35735000
539,2023-03-19 11:00:00,26973.76000000,27094.02000000,26872.00000000,26982.58000000,12223.56703000
540,2023-03-19 12:00:00,26982.57000000,27048.00000000,26912.84000000,27043.27000000,7875.35788000
541,2023-03-19 13:00:00,27043.24000000,27108.00000000,26977.77000000,27052.80000000,7761.66751000
542,2023-03-19 14:00:00,27052.80000000,27200.00000000,26931.64000000,27160.98000000,14130.80346000
543,2023-03-19 15:00:00,27162.33000000,27388.54000000,27135.67000000,27246.96000000,18498.04792000
544,2023-03-19 16:00:00,27246.96000000,27286.65000000,27110.12000000,27178.27000000,11555.80436000
545,2023-03-19 17:00:00,27178.26000000,27365.64000000,27176.27000000,27327.72000000,12416.90638000
546,2023-03-19 18:00:00,27327.74000000,27750.00000000,27304.54000000,27546.62000000,29272.34072000
547,2023-03-19 19:00:00,27546.62000000,28186.87000000,27470.00000000,27923.37000000,42508.25536000
548,2023-03-19 20:00:00,27918.86000000,28065.00000000,27716.18000000,27897.98000000,26621.07609000
549,2023-03-19 21:00:00,27897.98000000,28320.00000000,27833.73000000,28303.69000000,21591.39086000
550,2023-03-19 22:00:00,28309.09000000,28376.00000000,28162.60000000,28255.87000000,23195.89167000
551,2023-03-19 23:00:00,28255.35000000,28390.10000000,27738.00000000,27889.22000000,26497.43268000
552,2023-03-20 00:00:00,27887.19000000,28216.92000000,27868.00000000,27975.77000000,16618.95971000
553,2023-03-20 01:00:00,27977.53000000,28162.62000000,27870.01000000,28112.88000000,13726.09529000
554,2023-03-20 02:00:00,28110.24000000,28299.31000000,27891.56000000,27972.87000000,15125.57902000
555,2023-03-20 03:00:00,27972.87000000,28057.44000000,27779.65000000,27825.47000000,16809.29216000
556,2023-03-20 04:00:00,27824.83000000,27878.89000000,27566.00000000,27675.84000000,17060.12600000
557,2023-03-20 05:00:00,27675.84000000,27747.16000000,27213.06000000,27434.91000000,21233.70908000
558,2023-03-20 06:00:00,27436.06000000,27496.74000000,27124.47000000,27269.17000000,23114.01883000
559,2023-03-20 07:00:00,27269.18000000,27464.97000000,27141.36000000,27437.00000000,15822.68931000
560,2023-03-20 08:00:00,27436.29000000,27540.89000000,27340.88000000,27519.97000000,10628.49834000
561,2023-03-20 09:00:00,27520.90000000,27733.00000000,27465.42000000,27628.50000000,17179.64200000
562,2023-03-20 10:00:00,27629.77000000,28268.00000000,27626.64000000,28183.13000000,30478.02497000
563,2023-03-20 11:00:00,28183.13000000,28443.32000000,28006.00000000,28313.85000000,33854.57156000
564,2023-03-20 12:00:00,28313.85000000,28472.00000000,28020.00000000,28198.04000000,27661.96626000
565,2023-03-20 13:00:00,28198.05000000,28256.98000000,27919.66000000,28101.40000000,21245.97981000
566,2023-03-20 14:00:00,28101.40000000,28267.10000000,28037.99000000,28188.93000000,18285.14466000
567,2023-03-20 15:00:00,28188.95000000,28258.58000000,28078.01000000,28224.99000000,15270.64968000
568,2023-03-20 16:00:00,28223.49000000,28226.65000000,27715.80000000,27822.73000000,30001.32467000
569,2023-03-20 17:00:00,27821.17000000,28150.00000000,27816.66000000,28055.89000000,28154.08140000
570,2023-03-20 18:00:00,28054.95000000,28129.83000000,27620.00000000,27694.46000000,20406.31459000
571,2023-03-20 19:00:00,27698.15000000,27787.74000000,27461.35000000,27553.81000000,26977.77628000
572,2023-03-20 20:00:00,27553.81000000,27800.00000000,27489.45000000,27626.96000000,18008.49882000
573,2023-03-20 21:00:00,27623.82000000,28041.48000000,27570.58000000,27980.02000000,20465.94384000
574,2023-03-20 22:00:00,27980.02000000,28013.00000000,27633.17000000,27785.10000000,16860.83958000
575,2023-03-20 23:00:00,27784.57000000,28034.19000000,27752.94000000,28001.00000000,12624.37895000
576,2023-03-21 00:00:00,28002.37000000,28186.71000000,27921.68000000,27996.09000000,11012.97520000
577,2023-03-21 01:00:00,27996.09000000,28058.10000000,27859.75000000,27952.20000000,9715.08280000
578,2023-03-21 02:00:00,27950.87000000,28015.21000000,27577.02000000,27717.01000000,14506.70494000
579,2023-03-21 03:00:00,27717.01000000,27953.33000000,27664.51000000,27850.21000000,15105.73382000
580,2023-03-21 04:00:00,27850.21000000,27934.63000000,27711.00000000,27875.65000000,13164.86421000
581,2023-03-21 05:00:00,27874.60000000,27907.80000000,27773.29000000,27779.74000000,11442.54447000
582,2023-03-21 06:00:00,27779.74000000,27838.00000000,27726.13000000,27787.29000000,11236.18652000
583,2023-03-21 07:00:00,27787.29000000,27968.00000000,27780.05000000,27906.81000000,12637.07836000
584,2023-03-21 08:00:00,27907.08000000,27917.95000000,27732.34000000,27801.41000000,12874.34730000
585,2023-03-21 09:00:00,27802.21000000,27803.21000000,27606.96000000,27637.01000000,15545.36084000
586,2023-03-21 10:00:00,27637.01000000,27684.88000000,27303.10000000,27505.25000000,25278.28816000
587,2023-03-21 11:00:00,27505.25000000,27686.42000000,27393.52000000,27646.65000000,18907.61830000
588,2023-03-21 12:00:00,27647.95000000,28099.99000000,27550.00000000,27929.23000000,23974.68019000
589,2023-03-21 13:00:00,27927.06000000,28177.00000000,27897.48000000,27962.20000000,22817.88093000
590,2023-03-21 14:00:00,27962.20000000,28078.01000000,27877.29000000,28040.13000000,16317.42683000
591,2023-03-21 15:00:00,28040.13000000,28244.87000000,27922.39000000,28188.92000000,26271.49255000
592,2023-03-21 16:00:00,28188.92000000,28224.80000000,27900.00000000,28037.90000000,28242.54223000
593,2023-03-21 17:00:00,28037.04000000,28123.75000000,27730.00000000,27887.98000000,28078.11757000
594,2023-03-21 18:00:00,27890.45000000,28107.69000000,27854.12000000,28041.06000000,17882.16855000
595,2023-03-21 19:00:00,28041.06000000,28438.55000000,28012.65000000,28343.92000000,26861.99919000
596,2023-03-21 20:00:00,28343.92000000,28416.00000000,27960.66000000,27988.69000000,29004.08838000
597,2023-03-21 21:00:00,27988.69000000,28163.00000000,27935.07000000,28128.77000000,15034.67925000
598,2023-03-21 22:00:00,28128.77000000,28226.33000000,28080.56000000,28126.84000000,13339.83917000
599,2023-03-21 23:00:00,28126.85000000,28214.99000000,28035.06000000,28077.28000000,12425.35683000
600,2023-03-22 00:00:00,28077.35000000,28104.00000000,27900.00000000,27997.84000000,9709.35259000
601,2023-03-22 01:00:00,27997.84000000,28072.27000000,27921.25000000,28031.17000000,7735.50781000
602,2023-03-22 02:00:00,28031.86000000,28150.00000000,27986.09000000,28105.47000000,7042.58815000
603,2023-03-22 03:00:00,28107.81000000,28117.25000000,27945.44000000,28028.91000000,14331.12351000
604,2023-03-22 04:00:00,28028.91000000,28097.04000000,27975.00000000,28086.85000000,7445.21921000
605,2023-03-22 05:00:00,28086.85000000,28147.00000000,28048.00000000,28049.59000000,5982.62441000
606,2023-03-22 06:00:00,28049.59000000,28280.00000000,28021.00000000,28154.14000000,9241.19338000
607,2023-03-22 07:00:00,28154.14000000,28224.97000000,28122.12000000,28196.41000000,4851.84288000
608,2023-03-22 08:00:00,28196.42000000,28288.00000000,28181.15000000,28201.52000000,5985.27139000
609,2023-03-22 09:00:00,28201.53000000,28218.58000000,28151.00000000,28205.16000000,5518.51426000
610,2023-03-22 10:00:00,28205.16000000,28238.83000000,28028.24000000,28103.69000000,6232.62522000
611,2023-03-22 11:00:00,28103.68000000,28213.23000000,28053.71000000,28086.99000000,5300.97913000
612,2023-03-22 12:00:00,28086.99000000,28130.00000000,28000.00000000,28099.99000000,4905.07163000
613,2023-03-22 13:00:00,28099.99000000,28186.70000000,28067.63000000,28154.95000000,3624.79464000
614,2023-03-22 14:00:00,28154.95000000,28200.00000000,28115.85000000,28122.74000000,2449.82888000
615,2023-03-22 15:00:00,28122.73000000,28246.25000000,28105.35000000,28220.08000000,4430.31516000
616,2023-03-22 16:00:00,28220.07000000,28391.99000000,28166.66000000,28285.56000000,6715.67597000
617,2023-03-22 17:00:00,28285.55000000,28736.00000000,28279.69000000,28563.61000000,12971.76493000
618,2023-03-22 18:00:00,28563.61000000,28730.00000000,28442.83000000,28595.07000000,11559.40318000
619,2023-03-22 19:00:00,28595.06000000,28703.00000000,28482.84000000,28647.26000000,5550.41667000
620,2023-03-22 20:00:00,28647.26000000,28647.27000000,28315.00000000,28516.34000000,11311.09395000
621,2023-03-22 21:00:00,28516.34000000,28868.05000000,27781.51000000,28027.99000000,33039.01806000
622,2023-03-22 22:00:00,28028.00000000,28028.00000000,26650.27000000,26667.33000000,34344.06638000
623,2023-03-22 23:00:00,26668.80000000,27377.00000000,26601.80000000,27311.29000000,12672.99808000
624,2023-03-23 00:00:00,27311.28000000,27437.98000000,27073.11000000,27083.55000000,5989.48553000
625,2023-03-23 01:00:00,27083.55000000,27254.00000000,26973.76000000,27209.19000000,5600.13264000
626,2023-03-23 02:00:00,27209.20000000,27340.00000000,27186.99000000,27250.97000000,4059.95387000
627,2023-03-23 03:00:00,27250.97000000,27428.69000000,27195.63000000,27322.28000000,4717.70531000
628,2023-03-23 04:00:00,27322.27000000,27322.28000000,27105.00000000,27150.91000000,3417.24968000
629,2023-03-23 05:00:00,27150.91000000,27346.16000000,27144.62000000,27346.16000000,2625.40512000
630,2023-03-23 06:00:00,27346.16000000,27415.64000000,27299.00000000,27356.78000000,3160.40704000
631,2023-03-23 07:00:00,27356.79000000,27420.00000000,27258.00000000,27275.16000000,2590.69823000
632,2023-03-23 08:00:00,27275.16000000,27700.00000000,27274.77000000,27629.18000000,5276.55365000
633,2023-03-23 09:00:00,27629.19000000,27690.44000000,27560.48000000,27647.67000000,3728.48070000
634,2023-03-23 10:00:00,27647.68000000,27672.83000000,27537.00000000,27631.93000000,2715.24590000
635,2023-03-23 11:00:00,27631.93000000,27738.27000000,27560.14000000,27632.02000000,3200.75113000
636,2023-03-23 12:00:00,27632.03000000,27640.61000000,27575.00000000,27622.82000000,2353.39456000
637,2023-03-23 13:00:00,27622.82000000,27667.57000000,27587.01000000,27612.55000000,2366.97975000
638,2023-03-23 14:00:00,27612.54000000,27629.99000000,27439.50000000,27584.53000000,3975.97274000
639,2023-03-23 15:00:00,27584.52000000,27645.37000000,27450.00000000,27469.99000000,3745.72523000
640,2023-03-23 16:00:00,27470.00000000,27495.68000000,27275.92000000,27369.00000000,6693.02624000
641,2023-03-23 17:00:00,27369.01000000,28099.99000000,27300.00000000,28045.30000000,8616.12592000
642,2023-03-23 18:00:00,28045.31000000,28750.00000000,27975.27000000,28580.87000000,21135.69966000
643,2023-03-23 19:00:00,28580.86000000,28647.05000000,28351.81000000,28464.96000000,7933.76961000
644,2023-03-23 20:00:00,28464.96000000,28509.98000000,28150.00000000,28297.16000000,6962.94256000
645,2023-03-23 21:00:00,28297.16000000,28395.00000000,27784.68000000,27903.80000000,8115.86159000
646,2023-03-23 22:00:00,27903.79000000,28456.20000000,27772.22000000,28369.99000000,11039.96536000
647,2023-03-23 23:00:00,28369.82000000,28371.92000000,28096.60000000,28280.03000000,4652.98435000
648,2023-03-24 00:00:00,28280.03000000,28280.03000000,27967.93000000,28163.79000000,2840.11442000
649,2023-03-24 01:00:00,28163.80000000,28265.17000000,28087.93000000,28214.10000000,2872.38103000
650,2023-03-24 02:00:00,28214.10000000,28438.00000000,28186.74000000,28295.41000000,3912.16840000
651,2023-03-24 03:00:00,28295.42000000,28374.30000000,28182.02000000,28195.30000000,2887.21044000
652,2023-03-24 04:00:00,28195.29000000,28318.80000000,28137.93000000,28253.00000000,2294.16851000
653,2023-03-24 05:00:00,28253.00000000,28309.99000000,28134.86000000,28186.28000000,2066.26067000
654,2023-03-24 06:00:00,28186.28000000,28237.10000000,28158.40000000,28219.98000000,1572.69903000
655,2023-03-24 07:00:00,28219.98000000,28254.48000000,28102.15000000,28130.41000000,2009.41868000
656,2023-03-24 08:00:00,28130.41000000,28300.22000000,28130.40000000,28284.45000000,2593.46960000
657,2023-03-24 09:00:00,28284.45000000,28335.32000000,28234.00000000,28262.83000000,1783.26087000
658,2023-03-24 10:00:00,28262.84000000,28320.00000000,28162.43000000,28274.59000000,2678.97653000
659,2023-03-24 11:00:00,28274.58000000,28295.72000000,27934.48000000,28034.37000000,5156.44522000
660,2023-03-24 12:00:00,28034.38000000,28190.35000000,28000.00000000,28041.11000000,4506.28931000
661,2023-03-24 13:00:00,28041.11000000,28085.06000000,27941.00000000,28039.71000000,3639.24610000
662,2023-03-24 14:00:00,28039.71000000,28091.03000000,27963.84000000,28080.00000000,1267.41714000
663,2023-03-24 15:00:00,28080.00000000,28080.00000000,28080.00000000,28080.00000000,0.00000000
664,2023-03-24 17:00:00,28079.99000000,28253.01000000,27835.00000000,27989.06000000,8983.24018000
665,2023-03-24 18:00:00,27989.07000000,28076.82000000,27843.41000000,28018.04000000,5198.28681000
666,2023-03-24 19:00:00,28018.04000000,28059.63000000,27831.33000000,27831.33000000,3377.68679000
667,2023-03-24 20:00:00,27831.33000000,27909.28000000,27523.81000000,27609.99000000,8886.72594000
668,2023-03-24 21:00:00,27609.99000000,27815.58000000,27562.51000000,27740.01000000,4729.14975000
669,2023-03-24 22:00:00,27740.02000000,27880.84000000,27687.18000000,27821.60000000,3328.40802000
670,2023-03-24 23:00:00,27821.59000000,27860.00000000,27486.89000000,27584.82000000,4095.63602000
671,2023-03-25 00:00:00,27584.83000000,27621.66000000,27000.00000000,27335.14000000,8237.35346000
672,2023-03-25 01:00:00,27335.13000000,27443.19000000,27275.15000000,27298.05000000,4289.67920000
673,2023-03-25 02:00:00,27298.06000000,27517.14000000,27280.88000000,27454.47000000,2661.03717000
674,2023-03-25 03:00:00,27454.46000000,27586.00000000,27425.19000000,27556.35000000,2102.79410000
675,2023-03-25 04:00:00,27556.34000000,27566.12000000,27420.00000000,27498.54000000,1532.14045000
676,2023-03-25 05:00:00,27498.54000000,27658.20000000,27459.18000000,27599.66000000,1783.06728000
677,2023-03-25 06:00:00,27599.66000000,27639.94000000,27540.53000000,27581.65000000,2213.29821000
678,2023-03-25 07:00:00,27581.65000000,27608.20000000,27492.57000000,27535.25000000,1207.18941000
679,2023-03-25 08:00:00,27535.26000000,27544.39000000,27375.90000000,27458.73000000,1839.15445000
680,2023-03-25 09:00:00,27458.74000000,27536.50000000,27405.50000000,27495.66000000,2122.47214000
681,2023-03-25 10:00:00,27495.66000000,27583.97000000,27470.26000000,27485.36000000,2007.66965000
682,2023-03-25 11:00:00,27485.37000000,27512.65000000,27337.96000000,27422.56000000,2002.36773000
683,2023-03-25 12:00:00,27422.56000000,27519.00000000,27309.80000000,27481.96000000,2070.46154000
684,2023-03-25 13:00:00,27481.96000000,27537.79000000,27397.47000000,27477.01000000,1753.89200000
685,2023-03-25 14:00:00,27477.00000000,27530.00000000,27423.59000000,27457.20000000,1186.26813000
686,2023-03-25 15:00:00,27457.19000000,27480.17000000,27372.81000000,27451.71000000,1416.55718000
687,2023-03-25 16:00:00,27451.72000000,27619.00000000,27357.14000000,27566.96000000,3063.63019000
688,2023-03-25 17:00:00,27566.97000000,27648.00000000,27519.39000000,27527.06000000,2294.12717000
689,2023-03-25 18:00:00,27527.06000000,27787.33000000,27485.00000000,27647.43000000,3967.31226000
690,2023-03-25 19:00:00,27647.44000000,27730.00000000,27624.14000000,27629.22000000,2143.18105000
691,2023-03-25 20:00:00,27629.23000000,27647.36000000,27380.00000000,27481.58000000,2981.62837000
692,2023-03-25 21:00:00,27481.57000000,27535.63000000,27431.05000000,27442.92000000,1419.74012000
693,2023-03-25 22:00:00,27442.92000000,27442.92000000,27159.57000000,27189.68000000,5149.37954000
694,2023-03-25 23:00:00,27189.69000000,27430.14000000,27156.09000000,27354.72000000,3202.60967000
695,2023-03-26 00:00:00,27354.73000000,27455.00000000,27349.09000000,27411.54000000,1058.74562000
696,2023-03-26 01:00:00,27411.54000000,27529.29000000,27391.05000000,27447.32000000,1518.28385000
697,2023-03-26 02:00:00,27447.31000000,27486.50000000,27404.99000000,27462.95000000,808.11091000
698,2023-03-26 03:00:00,27462.96000000,27630.32000000,27417.76000000,27531.28000000,1997.79617000
699,2023-03-26 04:00:00,27531.28000000,27650.00000000,27516.91000000,27593.34000000,1280.56901000
700,2023-03-26 05:00:00,27593.34000000,27615.25000000,27563.51000000,27589.64000000,820.56901000
701,2023-03-26 06:00:00,27589.63000000,27617.65000000,27504.83000000,27529.26000000,1229.07026000
702,2023-03-26 07:00:00,27529.27000000,27536.70000000,27462.27000000,27516.61000000,790.66140000
703,2023-03-26 08:00:00,27516.62000000,27556.06000000,27462.15000000,27544.81000000,997.19255000
704,2023-03-26 09:00:00,27544.81000000,27570.93000000,27478.90000000,27496.68000000,1059.99052000
705,2023-03-26 10:00:00,27496.67000000,27536.23000000,27481.26000000,27504.94000000,959.32447000
706,2023-03-26 11:00:00,27504.94000000,27766.13000000,27480.01000000,27659.20000000,2832.47541000
707,2023-03-26 12:00:00,27659.20000000,27735.35000000,27626.21000000,27686.73000000,1892.98677000
708,2023-03-26 13:00:00,27686.74000000,27717.76000000,27635.45000000,27678.63000000,1177.49440000
709,2023-03-26 14:00:00,27678.62000000,27915.08000000,27649.38000000,27865.95000000,2280.74336000
710,2023-03-26 15:00:00,27865.96000000,27985.00000000,27837.37000000,27919.74000000,3689.34292000
711,2023-03-26 16:00:00,27919.73000000,28194.40000000,27883.21000000,28149.99000000,4591.80384000
712,2023-03-26 17:00:00,28150.00000000,28150.00000000,27695.00000000,27795.22000000,6745.31133000
713,2023-03-26 18:00:00,27795.22000000,27878.89000000,27717.26000000,27803.89000000,2669.59226000
714,2023-03-26 19:00:00,27803.89000000,27878.43000000,27635.18000000,27699.28000000,1705.21511000
715,2023-03-26 20:00:00,27699.27000000,27857.85000000,27660.00000000,27837.82000000,1657.60628000
716,2023-03-26 21:00:00,27837.81000000,27934.57000000,27772.78000000,27808.76000000,1414.28364000
717,2023-03-26 22:00:00,27808.75000000,27856.66000000,27785.00000000,27827.95000000,828.87805000
718,2023-03-26 23:00:00,27827.95000000,27900.00000000,27670.71000000,27777.63000000,1993.46478000
719,2023-03-27 00:00:00,27777.63000000,27838.11000000,27750.49000000,27838.11000000,750.61949000
720,2023-03-27 01:00:00,27838.10000000,28079.83000000,27804.40000000,28040.29000000,2953.55719000
721,2023-03-27 02:00:00,28040.28000000,28143.00000000,27949.00000000,27968.05000000,3353.15531000
722,2023-03-27 03:00:00,27968.05000000,28023.86000000,27917.16000000,27994.28000000,1929.36281000
723,2023-03-27 04:00:00,27994.27000000,28013.57000000,27801.06000000,27826.98000000,2218.53610000
724,2023-03-27 05:00:00,27826.98000000,27890.16000000,27781.60000000,27879.16000000,1526.68740000
725,2023-03-27 06:00:00,27879.16000000,27930.16000000,27829.99000000,27888.68000000,1180.07667000
726,2023-03-27 07:00:00,27888.68000000,27935.17000000,27871.91000000,27906.98000000,1613.73286000
727,2023-03-27 08:00:00,27906.98000000,27918.02000000,27675.31000000,27715.18000000,2796.12155000
728,2023-03-27 09:00:00,27715.19000000,27800.00000000,27666.00000000,27785.85000000,2165.82342000
729,2023-03-27 10:00:00,27785.86000000,27850.00000000,27734.90000000,27808.81000000,2279.86147000
730,2023-03-27 11:00:00,27808.80000000,27866.63000000,27768.55000000,27848.53000000,1479.56205000
731,2023-03-27 12:00:00,27848.53000000,27972.98000000,27820.00000000,27925.63000000,2236.16453000
732,2023-03-27 13:00:00,27925.64000000,27943.48000000,27864.89000000,27915.39000000,1738.99262000
733,2023-03-27 14:00:00,27915.38000000,27996.28000000,27839.00000000,27892.69000000,2162.12095000
734,2023-03-27 15:00:00,27892.69000000,27923.42000000,27690.36000000,27749.99000000,3192.72488000
735,2023-03-27 16:00:00,27749.99000000,27844.69000000,27600.00000000,27692.99000000,5094.41421000
736,2023-03-27 17:00:00,27693.00000000,27734.67000000,26938.88000000,26960.38000000,13065.76035000
737,2023-03-27 18:00:00,26960.38000000,27040.00000000,26508.14000000,26903.62000000,17713.30251000
738,2023-03-27 19:00:00,26903.63000000,27313.42000000,26858.79000000,27145.50000000,7789.38772000
739,2023-03-27 20:00:00,27145.51000000,27211.26000000,26922.17000000,26960.00000000,4025.89889000
740,2023-03-27 21:00:00,26959.99000000,27176.79000000,26949.23000000,27090.81000000,2679.54916000
741,2023-03-27 22:00:00,27090.80000000,27143.23000000,26942.25000000,26968.94000000,2118.19263000
742,2023-03-27 23:00:00,26968.93000000,27059.48000000,26877.82000000,27043.84000000,2546.25027000
743,2023-03-28 00:00:00,27043.85000000,27198.99000000,27009.88000000,27170.63000000,1894.47912000
744,2023-03-28 01:00:00,27170.64000000,27255.00000000,27078.92000000,27099.99000000,2719.40875000
745,2023-03-28 02:00:00,27100.00000000,27175.66000000,27066.02000000,27124.91000000,1873.05806000
746,2023-03-28 03:00:00,27124.90000000,27160.00000000,26936.00000000,26960.92000000,3533.32954000
747,2023-03-28 04:00:00,26960.93000000,27176.05000000,26800.00000000,27074.81000000,4473.13379000
748,2023-03-28 05:00:00,27074.81000000,27083.40000000,26970.19000000,27037.58000000,1369.72652000
749,2023-03-28 06:00:00,27037.58000000,27046.51000000,26910.35000000,26971.71000000,1673.40842000
750,2023-03-28 07:00:00,26971.71000000,26999.33000000,26893.99000000,26964.60000000,2467.49201000
751,2023-03-28 08:00:00,26964.59000000,26998.70000000,26872.11000000,26974.63000000,2233.39065000
752,2023-03-28 09:00:00,26974.63000000,27142.25000000,26974.63000000,27070.52000000,2721.73924000
753,2023-03-28 10:00:00,27070.53000000,27103.44000000,26934.00000000,26962.88000000,2036.25522000
754,2023-03-28 11:00:00,26962.89000000,27033.99000000,26925.80000000,27013.68000000,1588.81574000
755,2023-03-28 12:00:00,27013.68000000,27044.79000000,26820.50000000,26875.03000000,2514.29381000
756,2023-03-28 13:00:00,26875.03000000,26932.97000000,26631.78000000,26740.96000000,5740.89942000
757,2023-03-28 14:00:00,26740.96000000,27155.38000000,26725.53000000,27057.36000000,5882.75721000
758,2023-03-28 15:00:00,27057.36000000,27210.00000000,26852.16000000,26983.02000000,5183.04562000
759,2023-03-28 16:00:00,26983.02000000,27029.50000000,26835.31000000,26881.97000000,3897.34604000
760,2023-03-28 17:00:00,26881.97000000,27022.86000000,26846.43000000,26943.01000000,4343.77277000
761,2023-03-28 18:00:00,26943.01000000,27072.09000000,26923.30000000,26998.63000000,2513.08906000
762,2023-03-28 19:00:00,26998.63000000,27024.32000000,26852.05000000,26882.07000000,1886.59550000
763,2023-03-28 20:00:00,26882.07000000,26925.32000000,26745.00000000,26863.20000000,3371.58761000
764,2023-03-28 21:00:00,26863.20000000,27390.00000000,26838.21000000,27344.13000000,6486.67624000
765,2023-03-28 22:00:00,27344.13000000,27520.00000000,27158.15000000,27425.99000000,6345.21459000
766,2023-03-28 23:00:00,27425.98000000,27492.80000000,27242.96000000,27307.20000000,2948.36979000
767,2023-03-29 00:00:00,27307.21000000,27328.29000000,27095.66000000,27190.54000000,1774.93303000
768,2023-03-29 01:00:00,27190.54000000,27232.94000000,27133.61000000,27218.39000000,1752.10323000
769,2023-03-29 02:00:00,27218.40000000,27319.10000000,27210.96000000,27261.07000000,1864.46836000
770,2023-03-29 03:00:00,27261.06000000,27340.00000000,27240.10000000,27268.73000000,1699.06156000
771,2023-03-29 04:00:00,27268.74000000,27479.36000000,27262.01000000,27325.78000000,2863.16949000
772,2023-03-29 05:00:00,27325.77000000,27413.97000000,27297.00000000,27395.00000000,1403.72005000
773,2023-03-29 06:00:00,27395.00000000,27409.88000000,27326.88000000,27367.45000000,1158.30899000
774,2023-03-29 07:00:00,27367.44000000,27612.95000000,27349.68000000,27568.07000000,3933.22081000
775,2023-03-29 08:00:00,27568.06000000,27650.00000000,27520.55000000,27544.14000000,3064.55075000
776,2023-03-29 09:00:00,27544.14000000,28158.00000000,27507.60000000,28052.30000000,11195.15123000
777,2023-03-29 10:00:00,28052.30000000,28164.48000000,27969.69000000,28086.82000000,4252.63986000
778,2023-03-29 11:00:00,28086.82000000,28650.00000000,28040.34000000,28506.99000000,11270.83485000
779,2023-03-29 12:00:00,28506.99000000,28562.75000000,28313.25000000,28319.89000000,5574.76190000
780,2023-03-29 13:00:00,28319.89000000,28438.81000000,28246.01000000,28382.23000000,3714.17289000
781,2023-03-29 14:00:00,28382.23000000,28383.92000000,28272.86000000,28353.99000000,2886.79972000
782,2023-03-29 15:00:00,28354.00000000,28479.27000000,28230.85000000,28441.77000000,4087.94289000
783,2023-03-29 16:00:00,28441.77000000,28493.55000000,28327.29000000,28425.91000000,3987.11675000
784,2023-03-29 17:00:00,28425.90000000,28590.00000000,28266.66000000,28290.97000000,5169.33995000
785,2023-03-29 18:00:00,28290.97000000,28490.00000000,28270.99000000,28442.79000000,3173.00678000
786,2023-03-29 19:00:00,28442.80000000,28447.72000000,28135.82000000,28152.46000000,3499.17274000
787,2023-03-29 20:00:00,28152.45000000,28333.00000000,28139.84000000,28252.33000000,3144.50099000
788,2023-03-29 21:00:00,28252.34000000,28349.00000000,28195.69000000,28316.13000000,2273.66049000
789,2023-03-29 22:00:00,28316.13000000,28448.68000000,28279.29000000,28419.49000000,2730.42811000
790,2023-03-29 23:00:00,28419.49000000,28468.13000000,28356.23000000,28388.58000000,2226.26851000
791,2023-03-30 00:00:00,28388.58000000,28500.00000000,28290.35000000,28291.00000000,1916.30451000
792,2023-03-30 01:00:00,28291.01000000,28429.28000000,28211.00000000,28389.41000000,2782.69442000
793,2023-03-30 02:00:00,28389.41000000,28456.84000000,28319.48000000,28348.60000000,1479.33184000
794,2023-03-30 03:00:00,28348.60000000,28457.48000000,28235.25000000,28328.47000000,2063.78277000
795,2023-03-30 04:00:00,28328.48000000,28382.00000000,28245.06000000,28350.00000000,1543.34488000
796,2023-03-30 05:00:00,28350.00000000,29184.68000000,28343.39000000,28964.76000000,12850.87620000
797,2023-03-30 06:00:00,28964.76000000,29002.67000000,28090.06000000,28489.18000000,12075.03577000
798,2023-03-30 07:00:00,28489.19000000,28701.96000000,28442.79000000,28587.64000000,3571.44760000
799,2023-03-30 08:00:00,28587.63000000,28633.70000000,28491.39000000,28613.98000000,2288.37147000
800,2023-03-30 09:00:00,28613.97000000,28674.69000000,28566.67000000,28613.88000000,2552.16765000
801,2023-03-30 10:00:00,28613.89000000,28775.60000000,28579.43000000,28725.01000000,3479.45578000
802,2023-03-30 11:00:00,28725.00000000,28748.76000000,28568.54000000,28572.81000000,3140.64330000
803,2023-03-30 12:00:00,28572.81000000,28600.00000000,28500.00000000,28583.59000000,3106.48800000
804,2023-03-30 13:00:00,28583.59000000,28624.74000000,28518.29000000,28602.48000000,1806.36723000
805,2023-03-30 14:00:00,28602.48000000,28710.15000000,28580.65000000,28644.79000000,2578.32641000
806,2023-03-30 15:00:00,28644.79000000,28691.45000000,28568.23000000,28646.35000000,3072.81096000
807,2023-03-30 16:00:00,28646.34000000,28646.35000000,28410.34000000,28517.96000000,3987.63492000
808,2023-03-30 17:00:00,28517.95000000,28542.97000000,28262.00000000,28428.47000000,5658.18721000
809,2023-03-30 18:00:00,28428.48000000,28482.13000000,28169.50000000,28300.33000000,4483.93848000
810,2023-03-30 19:00:00,28300.32000000,28301.01000000,28046.15000000,28247.27000000,4985.39605000
811,2023-03-30 20:00:00,28247.26000000,28277.00000000,27735.00000000,27839.41000000,7119.45874000
812,2023-03-30 21:00:00,27839.40000000,27953.57000000,27686.00000000,27903.69000000,4413.24045000
813,2023-03-30 22:00:00,27903.69000000,28075.53000000,27880.00000000,27986.09000000,4061.71355000
814,2023-03-30 23:00:00,27986.10000000,28179.70000000,27900.00000000,28149.80000000,3422.58634000
815,2023-03-31 00:00:00,28149.80000000,28197.96000000,28012.10000000,28068.50000000,1900.85772000
816,2023-03-31 01:00:00,28068.50000000,28140.00000000,27786.66000000,27898.59000000,2716.85368000
817,2023-03-31 02:00:00,27898.59000000,28055.00000000,27841.47000000,28028.53000000,1986.44740000
818,2023-03-31 03:00:00,28028.53000000,28338.34000000,27916.34000000,28249.17000000,4149.41210000
819,2023-03-31 04:00:00,28249.18000000,28375.00000000,28116.57000000,28153.12000000,3568.29799000
820,2023-03-31 05:00:00,28153.13000000,28206.20000000,28080.33000000,28146.79000000,2034.67447000
821,2023-03-31 06:00:00,28146.79000000,28235.45000000,28112.00000000,28168.41000000,2012.92542000
822,2023-03-31 07:00:00,28168.41000000,28205.42000000,28091.65000000,28179.60000000,1252.02182000
823,2023-03-31 08:00:00,28179.61000000,28219.36000000,27941.29000000,28034.52000000,2638.31730000
824,2023-03-31 09:00:00,28034.51000000,28103.16000000,28010.56000000,28079.96000000,1634.94900000
825,2023-03-31 10:00:00,28079.95000000,28090.17000000,27511.71000000,27738.48000000,10004.62587000
826,2023-03-31 11:00:00,27738.48000000,27847.87000000,27688.00000000,27797.32000000,3301.36372000
827,2023-03-31 12:00:00,27797.31000000,27878.84000000,27770.00000000,27819.99000000,2456.37429000
828,2023-03-31 13:00:00,27820.00000000,27992.05000000,27798.48000000,27893.80000000,2535.91766000
829,2023-03-31 14:00:00,27893.81000000,27980.00000000,27842.10000000,27927.97000000,2250.15003000
830,2023-03-31 15:00:00,27927.97000000,28185.63000000,27870.93000000,28110.36000000,5285.38130000
831,2023-03-31 16:00:00,28110.37000000,28551.20000000,28082.71000000,28370.78000000,7427.91987000
832,2023-03-31 17:00:00,28370.78000000,28656.69000000,28320.79000000,28521.78000000,6107.95098000
833,2023-03-31 18:00:00,28521.78000000,28593.34000000,28360.00000000,28494.99000000,5501.16193000
834,2023-03-31 19:00:00,28495.00000000,28541.18000000,28365.99000000,28430.76000000,2441.53596000
835,2023-03-31 20:00:00,28430.75000000,28473.00000000,28276.65000000,28334.53000000,2464.35091000
836,2023-03-31 21:00:00,28334.52000000,28426.98000000,28262.87000000,28315.50000000,1723.51177000
837,2023-03-31 22:00:00,28315.49000000,28524.12000000,28279.24000000,28469.31000000,2766.38020000
838,2023-03-31 23:00:00,28469.31000000,28474.06000000,28337.46000000,28391.80000000,1926.97706000
839,2023-04-01 00:00:00,28391.80000000,28590.00000000,28363.68000000,28477.19000000,1448.13203000
840,2023-04-01 01:00:00,28477.19000000,28632.94000000,28442.25000000,28570.31000000,1888.42202000
841,2023-04-01 02:00:00,28570.31000000,28595.75000000,28465.36000000,28465.36000000,1377.36769000
842,2023-04-01 03:00:00,28465.36000000,28547.20000000,28408.57000000,28438.27000000,1524.81719000
843,2023-04-01 04:00:00,28438.26000000,28625.61000000,28410.35000000,28610.63000000,1458.59279000
844,2023-04-01 05:00:00,28610.62000000,28819.71000000,28467.31000000,28583.36000000,3522.34366000
845,2023-04-01 06:00:00,28583.36000000,28603.78000000,28503.29000000,28541.10000000,1088.35997000
846,2023-04-01 07:00:00,28541.10000000,28625.10000000,28526.59000000,28580.00000000,1117.54084000
847,2023-04-01 08:00:00,28580.01000000,28589.13000000,28530.59000000,28571.08000000,808.34551000
848,2023-04-01 09:00:00,28571.08000000,28572.93000000,28353.78000000,28482.72000000,2327.53630000
849,2023-04-01 10:00:00,28482.71000000,28482.72000000,28351.35000000,28424.99000000,1419.78356000
850,2023-04-01 11:00:00,28424.98000000,28485.11000000,28389.37000000,28440.56000000,1446.06986000
851,2023-04-01 12:00:00,28440.56000000,28464.65000000,28420.54000000,28425.49000000,755.41321000
852,2023-04-01 13:00:00,28425.49000000,28474.15000000,28389.77000000,28465.32000000,852.69033000
853,2023-04-01 14:00:00,28465.32000000,28475.97000000,28360.65000000,28372.85000000,1079.93530000
854,2023-04-01 15:00:00,28372.84000000,28424.05000000,28320.35000000,28422.89000000,1331.51394000
855,2023-04-01 16:00:00,28422.88000000,28473.90000000,28377.63000000,28417.80000000,934.62513000
856,2023-04-01 17:00:00,28417.81000000,28420.88000000,28292.32000000,28318.04000000,1316.04404000
857,2023-04-01 18:00:00,28318.04000000,28405.31000000,28220.27000000,28400.07000000,1605.44704000
858,2023-04-01 19:00:00,28400.07000000,28443.04000000,28280.00000000,28326.00000000,1529.35437000
859,2023-04-01 20:00:00,28326.00000000,28383.32000000,28317.39000000,28372.37000000,683.02376000
860,2023-04-01 21:00:00,28372.36000000,28382.90000000,28333.19000000,28376.74000000,625.47068000
861,2023-04-01 22:00:00,28376.74000000,28384.23000000,28343.81000000,28381.98000000,559.40445000
862,2023-04-01 23:00:00,28381.97000000,28577.00000000,28379.63000000,28446.78000000,1750.39916000
863,2023-04-02 00:00:00,28446.79000000,28517.44000000,28429.93000000,28477.72000000,674.71297000
864,2023-04-02 01:00:00,28477.73000000,28538.08000000,28477.72000000,28517.94000000,899.92118000
865,2023-04-02 02:00:00,28517.95000000,28555.00000000,28445.00000000,28452.73000000,927.10229000
866,2023-04-02 03:00:00,28452.74000000,28499.99000000,28355.00000000,28366.30000000,914.79254000
867,2023-04-02 04:00:00,28366.30000000,28434.68000000,28355.54000000,28388.34000000,741.92426000
868,2023-04-02 05:00:00,28388.35000000,28430.29000000,28375.00000000,28406.13000000,724.19850000
869,2023-04-02 06:00:00,28406.13000000,28530.00000000,28401.41000000,28476.59000000,1290.18762000
870,2023-04-02 07:00:00,28476.58000000,28485.18000000,28383.37000000,28386.09000000,575.69061000
871,2023-04-02 08:00:00,28386.10000000,28473.16000000,28381.54000000,28470.01000000,686.07970000
872,2023-04-02 09:00:00,28470.01000000,28490.40000000,28414.36000000,28458.26000000,650.48938000
873,2023-04-02 10:00:00,28458.26000000,28477.78000000,28413.30000000,28416.38000000,862.07770000
874,2023-04-02 11:00:00,28416.37000000,28422.21000000,28364.57000000,28381.37000000,854.98502000
875,2023-04-02 12:00:00,28381.36000000,28450.90000000,28368.53000000,28410.57000000,732.39958000
876,2023-04-02 13:00:00,28410.57000000,28413.71000000,28361.00000000,28367.25000000,699.25159000
877,2023-04-02 14:00:00,28367.25000000,28390.95000000,28306.80000000,28357.93000000,1195.47409000
878,2023-04-02 15:00:00,28357.93000000,28361.00000000,28240.17000000,28265.26000000,1942.44149000
879,2023-04-02 16:00:00,28265.25000000,28346.05000000,28135.80000000,28279.53000000,3419.16540000
880,2023-04-02 17:00:00,28279.52000000,28350.00000000,28239.45000000,28273.10000000,1030.24647000
881,2023-04-02 18:00:00,28273.10000000,28275.73000000,28037.59000000,28124.81000000,4018.94657000
882,2023-04-02 19:00:00,28124.80000000,28143.54000000,27927.00000000,28121.97000000,3493.42924000
883,2023-04-02 20:00:00,28121.97000000,28229.90000000,28109.16000000,28194.39000000,2326.93426000
884,2023-04-02 21:00:00,28194.40000000,28213.39000000,28152.80000000,28156.98000000,903.05844000
885,2023-04-02 22:00:00,28156.97000000,28172.76000000,27856.43000000,27943.85000000,2825.34269000
886,2023-04-02 23:00:00,27943.84000000,28088.38000000,27902.71000000,28058.75000000,1620.05537000
887,2023-04-03 00:00:00,28058.75000000,28156.34000000,27981.00000000,28014.80000000,1602.19957000
888,2023-04-03 01:00:00,28014.80000000,28115.76000000,27858.29000000,28105.81000000,2783.98883000
889,2023-04-03 02:00:00,28105.80000000,28203.35000000,28044.23000000,28171.87000000,1472.29800000
890,2023-04-03 03:00:00,28171.87000000,28182.17000000,28064.52000000,28114.62000000,1119.79625000
891,2023-04-03 04:00:00,28114.63000000,28144.12000000,27560.00000000,27709.94000000,5583.17570000
892,2023-04-03 05:00:00,27709.85000000,27815.42000000,27658.36000000,27719.09000000,2274.50977000
893,2023-04-03 06:00:00,27719.09000000,27777.72000000,27623.45000000,27753.85000000,2172.76197000
894,2023-04-03 07:00:00,27753.85000000,27756.72000000,27588.00000000,27704.39000000,2088.73963000
895,2023-04-03 08:00:00,27704.40000000,27764.86000000,27660.00000000,27679.57000000,1395.94955000
896,2023-04-03 09:00:00,27679.58000000,27793.25000000,27644.50000000,27779.48000000,1508.78137000
897,2023-04-03 10:00:00,27779.47000000,27962.90000000,27771.09000000,27958.74000000,2746.99051000
898,2023-04-03 11:00:00,27958.73000000,28450.00000000,27958.73000000,28335.00000000,7974.91049000
899,2023-04-03 12:00:00,28335.00000000,28398.00000000,28300.00000000,28327.33000000,3033.90175000
900,2023-04-03 13:00:00,28327.33000000,28500.99000000,28301.13000000,28303.77000000,3240.48906000
901,2023-04-03 14:00:00,28303.76000000,28319.58000000,28215.59000000,28253.73000000,2502.72561000
902,2023-04-03 15:00:00,28253.73000000,28257.69000000,28063.17000000,28163.01000000,3391.00200000
903,2023-04-03 16:00:00,28163.00000000,28375.00000000,28116.02000000,28258.78000000,3197.56849000
904,2023-04-03 17:00:00,28258.79000000,28303.25000000,27945.19000000,27995.04000000,3869.56959000
905,2023-04-03 18:00:00,27995.04000000,28112.99000000,27951.57000000,28051.48000000,2385.82697000
906,2023-04-03 19:00:00,28051.48000000,28129.99000000,27918.45000000,27930.84000000,2233.69013000
907,2023-04-03 20:00:00,27930.83000000,28084.62000000,27875.00000000,27986.48000000,2519.18240000
908,2023-04-03 21:00:00,27986.48000000,28237.00000000,27938.46000000,28152.00000000,3959.28420000
909,2023-04-03 22:00:00,28152.00000000,28238.53000000,28037.20000000,28081.08000000,2103.20781000
910,2023-04-03 23:00:00,28081.08000000,28093.56000000,27460.00000000,27582.78000000,7451.99752000
911,2023-04-04 00:00:00,27582.77000000,27765.00000000,27200.24000000,27714.56000000,5698.62144000
912,2023-04-04 01:00:00,27714.57000000,27943.62000000,27668.00000000,27799.99000000,3773.48503000
913,2023-04-04 02:00:00,27800.00000000,28000.00000000,27739.75000000,27800.00000000,2953.84681000
914,2023-04-04 03:00:00,27800.00000000,27868.31000000,27662.79000000,27760.58000000,2374.60259000
915,2023-04-04 04:00:00,27760.58000000,27900.24000000,27693.80000000,27816.16000000,2045.79956000
916,2023-04-04 05:00:00,27816.16000000,27950.62000000,27780.79000000,27857.35000000,1816.40619000
917,2023-04-04 06:00:00,27857.35000000,27965.00000000,27850.00000000,27855.06000000,1141.93735000
918,2023-04-04 07:00:00,27855.06000000,27885.28000000,27775.37000000,27813.86000000,1129.08139000
919,2023-04-04 08:00:00,27813.86000000,27939.18000000,27813.86000000,27890.01000000,1222.39124000
920,2023-04-04 09:00:00,27890.01000000,28145.00000000,27860.17000000,28078.14000000,2868.08177000
921,2023-04-04 10:00:00,28078.13000000,28143.03000000,27962.47000000,28021.30000000,2181.84318000
922,2023-04-04 11:00:00,28021.31000000,28137.98000000,27931.20000000,28103.48000000,1579.58553000
923,2023-04-04 12:00:00,28103.49000000,28207.27000000,28028.79000000,28198.76000000,2166.39663000
924,2023-04-04 13:00:00,28198.77000000,28350.00000000,28172.48000000,28219.63000000,3351.35395000
925,2023-04-04 14:00:00,28219.64000000,28444.44000000,28164.33000000,28289.52000000,4230.27410000
926,2023-04-04 15:00:00,28289.51000000,28381.19000000,28205.67000000,28267.68000000,2380.16147000
927,2023-04-04 16:00:00,28267.69000000,28399.00000000,28061.00000000,28111.04000000,3200.60381000
928,2023-04-04 17:00:00,28111.03000000,28257.00000000,28079.69000000,28123.00000000,3017.42315000
929,2023-04-04 18:00:00,28123.00000000,28144.58000000,27947.59000000,28030.04000000,3229.65698000
930,2023-04-04 19:00:00,28030.05000000,28131.35000000,27971.07000000,28098.99000000,2013.02680000
931,2023-04-04 20:00:00,28098.98000000,28235.04000000,28079.99000000,28226.99000000,1793.32925000
932,2023-04-04 21:00:00,28226.98000000,28260.00000000,28083.33000000,28114.42000000,1706.91021000
933,2023-04-04 22:00:00,28114.42000000,28199.00000000,28070.70000000,28189.25000000,1456.03140000
934,2023-04-04 23:00:00,28189.25000000,28305.00000000,28174.44000000,28250.04000000,1710.36003000
935,2023-04-05 00:00:00,28250.04000000,28254.11000000,28160.51000000,28223.62000000,1031.76840000
936,2023-04-05 01:00:00,28223.62000000,28258.93000000,28182.22000000,28187.26000000,853.60121000
937,2023-04-05 02:00:00,28187.25000000,28211.86000000,28078.63000000,28165.47000000,1221.93072000
938,2023-04-05 03:00:00,28165.47000000,28733.00000000,28099.68000000,28661.81000000,6158.26420000
939,2023-04-05 04:00:00,28661.81000000,28740.00000000,28543.34000000,28571.41000000,3489.98930000
940,2023-04-05 05:00:00,28571.42000000,28775.00000000,28522.99000000,28565.57000000,3140.84957000
941,2023-04-05 06:00:00,28565.58000000,28575.79000000,28428.69000000,28544.72000000,2055.90962000
942,2023-04-05 07:00:00,28544.73000000,28577.38000000,28483.09000000,28506.62000000,1235.81287000
943,2023-04-05 08:00:00,28506.61000000,28624.35000000,28480.67000000,28582.84000000,1552.90469000
944,2023-04-05 09:00:00,28582.84000000,28603.59000000,28491.29000000,28534.42000000,1382.40119000
945,2023-04-05 10:00:00,28534.43000000,28540.00000000,28455.00000000,28525.21000000,1388.81047000
946,2023-04-05 11:00:00,28525.20000000,28600.00000000,28450.50000000,28543.80000000,2056.37120000
947,2023-04-05 12:00:00,28543.80000000,28595.94000000,28502.16000000,28508.76000000,1302.34522000
948,2023-04-05 13:00:00,28508.75000000,28529.72000000,28476.24000000,28510.00000000,1034.90976000
949,2023-04-05 14:00:00,28510.00000000,28567.85000000,28480.72000000,28554.38000000,1226.02322000
950,2023-04-05 15:00:00,28554.37000000,28750.00000000,28312.50000000,28568.95000000,5245.84560000
951,2023-04-05 16:00:00,28568.57000000,28600.50000000,28300.00000000,28404.58000000,3483.73755000
952,2023-04-05 17:00:00,28404.57000000,28476.81000000,28087.00000000,28105.20000000,5348.52251000
953,2023-04-05 18:00:00,28105.19000000,28127.00000000,27860.00000000,28031.09000000,5555.27634000
954,2023-04-05 19:00:00,28031.09000000,28053.88000000,27805.10000000,27947.99000000,4212.71101000
955,2023-04-05 20:00:00,27947.99000000,28120.00000000,27919.23000000,28023.74000000,2324.69851000
956,2023-04-05 21:00:00,28023.75000000,28060.00000000,27935.71000000,28030.20000000,1439.18723000
957,2023-04-05 22:00:00,28030.19000000,28308.04000000,27967.80000000,28240.64000000,3035.14950000
958,2023-04-05 23:00:00,28240.64000000,28300.00000000,28132.82000000,28150.61000000,1399.04610000
959,2023-04-06 00:00:00,28150.61000000,28217.37000000,28134.39000000,28181.06000000,829.93633000
960,2023-04-06 01:00:00,28181.06000000,28236.15000000,28132.16000000,28175.28000000,1061.56316000
961,2023-04-06 02:00:00,28175.28000000,28212.50000000,28137.67000000,28170.01000000,777.38217000
962,2023-04-06 03:00:00,28170.01000000,28182.05000000,27918.35000000,27999.15000000,2192.36011000
963,2023-04-06 04:00:00,27999.14000000,28090.00000000,27878.60000000,28064.46000000,1952.14589000
964,2023-04-06 05:00:00,28064.45000000,28095.71000000,27978.21000000,28039.73000000,1197.09788000
965,2023-04-06 06:00:00,28039.74000000,28153.69000000,28022.48000000,28128.42000000,1099.64959000
966,2023-04-06 07:00:00,28128.42000000,28130.00000000,28067.28000000,28068.91000000,824.12943000
967,2023-04-06 08:00:00,28068.91000000,28081.06000000,27969.61000000,28036.75000000,1239.65431000
968,2023-04-06 09:00:00,28036.75000000,28073.92000000,28006.46000000,28063.91000000,1050.48553000
969,2023-04-06 10:00:00,28063.91000000,28088.88000000,27907.77000000,27910.97000000,1784.32895000
970,2023-04-06 11:00:00,27910.97000000,27988.58000000,27850.00000000,27953.62000000,2357.22246000
971,2023-04-06 12:00:00,27953.61000000,28028.60000000,27900.00000000,27904.04000000,1235.09624000
972,2023-04-06 13:00:00,27904.04000000,27907.59000000,27711.00000000,27850.00000000,3496.92514000
973,2023-04-06 14:00:00,27849.99000000,27954.42000000,27846.12000000,27945.52000000,1408.47664000
974,2023-04-06 15:00:00,27945.51000000,28085.00000000,27856.54000000,27903.73000000,2560.85993000
975,2023-04-06 16:00:00,27903.73000000,27979.01000000,27750.00000000,27891.16000000,2887.76836000
976,2023-04-06 17:00:00,27891.16000000,27978.54000000,27888.26000000,27952.78000000,2218.27463000
977,2023-04-06 18:00:00,27952.78000000,28181.05000000,27943.76000000,28090.39000000,3265.68045000
978,2023-04-06 19:00:00,28090.39000000,28165.88000000,28046.88000000,28065.14000000,1767.70198000
979,2023-04-06 20:00:00,28065.15000000,28084.18000000,28014.99000000,28041.40000000,1229.48840000
980,2023-04-06 21:00:00,28041.41000000,28094.41000000,27954.06000000,27963.35000000,1205.25894000
981,2023-04-06 22:00:00,27963.34000000,28056.67000000,27950.90000000,28017.77000000,1091.38706000
982,2023-04-06 23:00:00,28017.77000000,28121.87000000,27966.00000000,27975.85000000,1404.21402000
983,2023-04-07 00:00:00,27975.85000000,28052.80000000,27957.04000000,27989.16000000,875.15697000
984,2023-04-07 01:00:00,27989.15000000,28008.43000000,27900.00000000,28007.86000000,1034.71576000
985,2023-04-07 02:00:00,28007.87000000,28055.62000000,28007.86000000,28033.82000000,740.87096000
986,2023-04-07 03:00:00,28033.83000000,28100.00000000,27998.04000000,28097.99000000,896.12527000
987,2023-04-07 04:00:00,28097.99000000,28098.20000000,28036.63000000,28056.51000000,661.14920000
988,2023-04-07 05:00:00,28056.51000000,28072.94000000,27926.52000000,28017.22000000,1048.03352000
989,2023-04-07 06:00:00,28017.22000000,28049.84000000,27979.75000000,28038.66000000,539.33097000
990,2023-04-07 07:00:00,28038.67000000,28062.73000000,27999.90000000,28021.77000000,609.92995000
991,2023-04-07 08:00:00,28021.77000000,28021.77000000,27863.23000000,27980.00000000,1374.71176000
992,2023-04-07 09:00:00,27980.00000000,27984.75000000,27900.00000000,27960.09000000,1049.98320000
993,2023-04-07 10:00:00,27960.09000000,27960.10000000,27766.94000000,27839.78000000,1932.80263000
994,2023-04-07 11:00:00,27839.79000000,27937.82000000,27785.00000000,27816.76000000,1752.58709000
995,2023-04-07 12:00:00,27816.76000000,27894.99000000,27790.10000000,27869.48000000,1184.11747000
996,2023-04-07 13:00:00,27869.48000000,27961.67000000,27861.38000000,27933.36000000,1335.68514000
997,2023-04-07 14:00:00,27933.36000000,27935.98000000,27800.00000000,27840.90000000,1291.13290000
998,2023-04-07 15:00:00,27840.89000000,27981.00000000,27800.00000000,27892.63000000,2539.99967000
999,2023-04-07 16:00:00,27892.63000000,27929.37000000,27839.94000000,27840.00000000,641.25366000
